"id";"y";"x1";"x2";"ciudad";"sexo";"gEtario";"estado";"candidato";"estrato";"ponderador"
1;1683,83993720636;186,940947549832;7616,57802061333;4;"2";"1";1;1;2;2455,67792823243
2;1477,522397344;391,289367007733;7143,04877563451;4;"2";"2";1;NA;2;1945,71086776041
3;1953,0969024403;583,918409748388;8343,52683509359;4;"2";"3";1;1;3;1750,97542845741
4;988,447289681062;533,386293903016;4185,78280693419;4;"2";"2";1;1;3;2922,33997537915
5;1643,32844053861;530,880767386748;5336,36735406487;4;"1";"1";1;1;3;2014,05136762443
6;490,822096122429;412,632077676213;2144,65097187565;4;"1";"1";1;1;3;1836,02240119986
7;1073,14561526291;493,982465020461;3730,63650218826;4;"2";"2";1;1;3;2732,1634145896
8;1858,38548822794;444,936825874774;6419,27815038582;4;"1";"3";0;1;1;1899,98187438084
9;1674,77966977749;238,935741773656;7137,67863149092;4;"2";"3";1;1;2;1785,42038084228
10;1451,99637140613;356,674768231642;7513,12208245905;4;"1";"2";1;1;2;1967,92830034371
11;635,915756458417;446,918889371837;4149,30076194763;4;"2";"3";0;1;1;1733,10898697698
12;1796,40114107169;432,518452532151;6005,13357493504;4;"1";"3";1;1;3;1555,73182422952
13;1552,94179988559;403,954150775416;7080,39333924827;4;"1";"2";1;1;3;1126,33993519485
14;412,25936007686;313,212285565151;829,855732767121;4;"1";"1";1;NA;2;1742,67792743501
15;1490,94135945197;305,276439987322;5344,99016712246;4;"2";"2";1;NA;2;3149,2665803235
16;580,901740002446;394,41709301039;4768,87082808017;4;"2";"2";1;1;2;1455,90523131863
17;1065,92103741132;402,007577156287;5742,96584049332;4;"2";"3";1;1;3;1189,16652591608
18;1273,84619035292;474,114165513745;5576,30657326986;4;"2";"2";1;1;3;2213,40821918879
19;1255,7402265491;606,91695081389;7012,128978345;4;"1";"3";1;1;3;2345,28719699729
20;581,493607559241;358,018982181662;961,276540716228;4;"1";"1";1;1;2;1820,92106096355
21;248,482016078196;531,774136968135;91,008099749705;4;"1";"1";1;1;3;2065,95419506042
22;1637,70432206802;370,485184317215;6089,2698590208;4;"2";"2";1;NA;2;2166,73531351883
23;171,118619153276;412,639919335873;-1451,19522985085;4;"2";"1";1;1;3;579,309311218308
24;1125,76484596357;470,18193906454;5604,88675895355;4;"1";"3";1;1;3;2794,94130829509
25;608,723132498562;384,955045434561;5783,97941055565;4;"1";"1";1;NA;2;1805,41949398445
26;1646,69527059887;349,022965926738;5915,4754986052;4;"1";"3";1;1;2;1571,55212125418
27;1419,4831619272;488,230590382336;5274,85455191305;4;"2";"1";0;1;1;1683,13872674188
28;1799,75531380624;213,481033929821;5725,3727522514;4;"2";"1";1;NA;2;2333,92948487071
29;175,631111930124;535,268817727774;3164,26226176046;4;"1";"1";1;1;3;2580,60604133905
30;347,867898084223;235,585312220163;438,898506453027;4;"1";"3";1;1;2;2718,83678240122
31;228,192577767186;264,870068873976;2206,79594656705;4;"1";"3";1;NA;2;2124,57602013474
32;173,29216315411;424,457075840808;34,7657614454979;4;"1";"3";0;NA;1;1930,94665543262
33;1273,43384253327;450,994383097726;4227,27209517089;4;"2";"2";1;1;3;1604,87004535554
34;286,610687128268;506,033250611406;2268,0671768924;4;"1";"1";1;1;3;1957,11221628924
35;815,557400207035;480,49082425341;3194,59678490353;4;"1";"2";1;1;3;1806,59370423592
36;1701,28366965801;411,969598087533;5873,25447370379;4;"1";"2";1;1;3;2039,84490609775
37;1668,25293207075;366,653368056746;7198,28625863823;4;"1";"1";0;1;1;3130,05259584588
38;177,68663871102;412,331088329387;271,526418614418;4;"1";"3";1;1;3;1494,97819634321
39;1865,77088870108;407,283751536605;5660,83170810715;4;"1";"3";1;1;3;2320,41306959876
40;187,428196473047;375,098015652987;2098,87955991562;4;"1";"1";1;1;2;2366,59417467698
41;469,879615539685;331,757468296655;2549,63205889758;4;"2";"1";1;1;2;2131,5665585277
42;900,913083460182;395,621230192654;2986,13168724423;4;"2";"3";1;1;2;2188,3553815035
43;1683,53141290136;517,371496519949;5895,34170238302;4;"1";"1";1;1;3;2216,26717704572
44;1020,91703771148;422,051688389357;5720,93921218829;4;"1";"1";1;1;3;2277,93246211492
45;1723,25497025158;376,158640800817;6686,62980769481;4;"1";"3";1;1;2;1986,42126620983
46;1219,56670666113;551,423296066899;2898,25276395817;4;"2";"3";1;1;3;2291,01020326878
47;1194,15092933923;398,160394258788;4683,00428683912;4;"1";"2";1;1;2;2495,2264933299
48;988,22023330722;538,731349552209;4646,04796758421;4;"2";"1";1;1;3;1560,96285348393
49;553,535900637507;397,199465879557;1151,10770057915;4;"1";"2";1;NA;2;1664,70295654793
50;550,704377423972;457,628094804788;3787,18350978598;4;"2";"3";1;1;3;1736,44283178513
51;539,376645116135;261,687047576406;1703,90556314802;4;"2";"3";1;NA;2;2108,71201149083
52;1979,07701237127;346,139675647121;3960,69679997999;4;"2";"2";1;1;2;1929,54846889827
53;988,346570334397;365,804598246806;3649,10121463507;4;"2";"1";1;1;2;1771,0273009596
54;231,443183124065;410,697459483072;4382,94618899986;4;"1";"1";1;1;3;2904,22684765094
55;466,265310696326;386,645209489037;3420,10798503739;4;"2";"1";0;NA;1;2027,77054236478
56;1336,59278526902;426,5052142422;6940,31548717689;4;"1";"1";1;1;3;1726,26494160258
57;250,964265759103;266,721218801465;1989,18674485004;4;"2";"2";1;1;2;2968,83477646954
58;1643,30629021861;460,142949603421;6296,77677629563;4;"1";"2";0;1;1;2407,67217210513
59;1931,57859405037;237,6694176685;10570,5672317745;4;"2";"1";1;1;2;1835,8773331547
60;1471,11014313996;498,942974388244;2897,86570594616;4;"2";"2";1;1;3;2154,06079086169
61;151,142496103421;538,767058379788;3092,06709590173;4;"1";"2";1;1;3;2747,46869699855
62;1564,20131481718;417,431401535967;6161,39994196798;4;"1";"1";1;1;3;2273,29670107336
63;1704,24935424235;393,460913350892;7903,38457909421;4;"2";"3";0;NA;1;1685,96633447258
64;834,465040056966;548,251760380873;5535,20801745705;4;"2";"1";1;1;3;2005,66386784439
65;1866,52898828033;274,563422714903;5587,31846196118;4;"1";"1";1;NA;2;2744,40418249574
66;164,196911128238;448,465358654258;1793,9484602468;4;"1";"2";1;1;3;2426,00900084032
67;840,422689146362;399,3397956161;2363,24452840578;4;"1";"2";1;1;2;1597,66866739259
68;542,400717432611;361,647665752956;1440,39968727946;4;"2";"2";1;1;2;2458,14064653714
69;429,332598112524;310,238361354001;668,105168920273;4;"2";"2";1;NA;2;1886,28702349487
70;477,818077709526;474,793664777389;2032,38239751588;4;"2";"3";1;NA;3;1560,95572638166
71;741,22787383385;345,81727626139;1195,25231508744;4;"2";"2";1;1;2;1841,412523769
72;258,019110164605;225,458477977369;777,407930073746;4;"1";"3";1;NA;2;1177,87218267359
73;209,042202332057;397,705219262821;117,057082003989;4;"2";"1";1;NA;2;3397,34299341469
74;120,862556993961;337,789586448845;-545,029914699805;4;"1";"3";1;1;2;3420,56876653893
75;1750,18827607855;588,191614141334;6907,2011617997;4;"2";"2";1;1;3;1745,2666120114
76;462,044212897308;565,135052225012;2735,00204335292;4;"1";"2";1;1;3;3040,66395135914
77;710,185977164656;304,042069411961;4689,44427606001;4;"1";"1";1;NA;2;996,330077270711
78;155,852124118246;260,439533479844;2564,47292629929;4;"2";"2";1;1;2;1383,70171963789
79;363,023849437013;284,792508864846;1470,3918919811;4;"1";"1";1;1;2;2095,25629834965
80;549,13052842021;403,870937727681;2671,14396363206;4;"2";"3";1;1;3;2368,83895181375
81;752,275632484816;434,765429321625;3022,79427659407;4;"2";"1";1;1;3;1846,3051228023
82;1928,8383564679;316,535021934969;7128,68984736588;4;"2";"3";1;1;2;2631,1725127997
83;1934,30360807106;401,945879390606;5705,63219033505;4;"2";"1";1;1;3;2583,39205404115
84;559,306815685704;289,841096358462;3199,04188867959;4;"2";"1";1;1;2;1927,06695952851
85;1016,88443815801;431,433791153428;6352,0971267611;4;"1";"1";1;1;3;1617,23416416178
86;1764,22173692845;478,401678328863;6043,17883097933;4;"2";"2";1;1;3;2305,3607011265
87;1614,54486877192;287,885983463336;5899,68868779184;4;"2";"1";1;1;2;1996,9416305403
88;1402,39700467791;330,859880893058;5303,68503806966;4;"2";"3";1;1;2;2154,1450261119
89;1191,53717388399;288,99184009265;3169,99937795696;4;"2";"3";1;1;2;2343,38044490821
90;1359,99454814009;402,738998187029;5938,99690819358;4;"2";"3";0;1;1;2918,20756645989
91;1252,41646952927;384,699518691497;4145,33648560298;4;"1";"2";1;1;2;1940,72277406205
92;1623,21709087119;397,126523838131;4833,5734149036;4;"1";"2";1;1;2;2712,64871800467
93;738,947575120255;507,066371752725;3029,38707265066;4;"1";"2";0;NA;1;1542,47866482032
94;1008,71767210774;306,017794325115;6050,77103881361;4;"2";"1";0;NA;1;2146,79095210498
95;784,341352945194;419,18466021447;3086,83380679219;4;"2";"3";1;1;3;2122,62179748549
96;1956,26106001437;329,230744610965;6822,20443391014;4;"1";"3";1;NA;2;1022,40820193451
97;364,323351834901;491,418268152162;621,681679780332;4;"1";"2";1;1;3;2159,02032709995
98;179,03305797372;360,653713610838;-278,422828576;4;"2";"2";1;NA;2;2175,60166662699
99;679,736856254749;382,253587204645;4837,33442107325;4;"1";"3";1;1;2;2815,64876993026
100;255,173008819111;333,403283435533;2288,77784683788;4;"2";"1";0;1;1;2130,19000085658
101;1711,94147765636;236,307675786083;5146,46367583138;4;"1";"3";1;1;2;1744,3387957985
102;310,51523629576;442,722217825358;3468,6265744307;4;"2";"3";1;1;3;1985,28822246299
103;1482,58504450787;446,23767319954;6827,06407415709;4;"1";"2";1;1;3;2238,61750278342
104;317,743483232334;494,689390029671;1138,7481947995;4;"2";"1";1;1;3;1820,44020324912
105;1973,83285344113;308,388263009421;4923,37796080063;4;"1";"1";1;1;2;2600,78104096342
106;1800,33219712786;311,5128204418;5381,05544794294;4;"2";"3";1;1;2;1832,43494690467
107;603,109524934553;393,484199224591;4864,66871655142;4;"2";"2";1;1;2;2538,06306175054
108;896,297003398649;537,662528870424;5337,08588504497;4;"1";"1";1;1;3;2662,2927311675
109;1740,99087051582;447,418757243101;2896,94003003456;4;"1";"2";1;1;3;1483,22851469309
110;287,383450218476;354,711635069197;3776,79222859846;4;"2";"3";1;NA;2;1564,04434769586
111;1312,13837058749;478,18088996365;3290,63351504993;4;"1";"3";1;1;3;2517,18911723164
112;1176,36135620996;484,046577678945;5841,68958272553;4;"1";"2";1;1;3;1987,4135062787
113;951,234499039128;565,098078978272;5329,0748126076;4;"2";"3";1;2;3;2491,5013558254
114;1905,4255615687;351,289120572979;7730,82486063759;4;"1";"1";1;NA;2;2067,4342358979
115;144,819400133565;470,558965261504;1594,35592232399;4;"1";"3";1;2;3;1832,38450332155
116;1627,40397336893;415,286455166624;5024,85805767679;4;"1";"3";0;1;1;2681,30043007241
117;991,697292518802;387,757018975008;3938,00832628188;4;"2";"2";1;NA;2;2111,7001470249
118;1698,40908667538;470,426633214915;5171,85263717903;4;"1";"3";1;2;3;2207,13870714466
119;193,849798571318;368,458150483783;4233,41649585043;4;"2";"2";1;1;2;1783,65313618352
120;1333,54530273937;504,034132536672;2994,39810404114;4;"2";"1";1;2;3;1463,4034628139
121;1896,82185810525;422,39132016095;5883,78107785988;4;"1";"1";1;2;3;1628,13191879692
122;1948,16363099962;566,745370301276;7836,67921123235;4;"2";"1";1;2;3;2284,04643730189
123;323,835976282135;504,500409714409;2950,72959502471;4;"1";"2";1;2;3;1932,72779779499
124;886,708478420042;376,124488772536;2725,44111850228;4;"1";"1";1;1;2;2640,96302189869
125;1524,14115585852;290,786735568943;4281,35421585285;4;"2";"2";1;NA;2;2518,76668542163
126;875,870468979701;309,955570725637;2288,32396306816;4;"2";"2";1;NA;2;1170,4140151278
127;137,331815599464;252,912051827091;-1310,01417083406;4;"2";"3";1;NA;2;1816,38535436001
128;1471,9383950578;261,826562273244;4277,01346265249;4;"2";"1";1;1;2;1879,70351944873
129;1968,86473409832;383,504100135995;8005,26921981542;4;"2";"2";1;1;2;3032,48321642973
130;1961,96713303216;431,818002393568;6567,05818230523;4;"2";"3";1;2;3;2078,06542660335
131;763,78099557478;410,884287684634;3109,71004742712;4;"2";"2";1;2;3;2299,05478671022
132;283,928205561824;420,255069568932;-896,649531845087;4;"1";"3";1;2;3;2866,02432187228
133;1151,85476478655;309,733267095157;4062,01320159342;4;"1";"2";1;NA;2;2139,44837638873
134;1091,65676301345;283,199685150363;1032,59741310226;4;"2";"2";1;NA;2;2575,80008412955
135;329,024361050688;243,850974539318;3526,06373563223;4;"1";"2";0;1;1;3125,38151308168
136;615,080935251899;604,417851414638;4013,04134519871;4;"1";"3";1;2;3;2350,56625494009
137;1387,63763699681;515,564149897686;7901,35019076311;4;"1";"1";1;2;3;2209,19416519928
138;1432,91536043398;391,110769448537;5953,17518209132;4;"2";"3";1;NA;2;2664,4738255698
139;618,915052525699;545,027379599772;3348,80708145426;4;"1";"2";0;1;1;2201,28489729904
140;1394,29363408126;560,543858273052;7546,6237219795;4;"1";"3";1;2;3;1708,82727554886
141;672,649603663012;350,633268637089;3184,57362986316;4;"2";"2";1;1;2;2670,7670537546
142;1321,27341497689;347,554830606908;4981,60797919252;4;"1";"1";1;NA;2;1902,48286838974
143;1629,79962839745;315,968754353578;7895,08660349311;4;"1";"1";1;NA;2;2642,48599746123
144;1881,30797322374;546,925743856465;6117,73717939759;4;"1";"3";1;2;3;1540,19002267983
145;1392,92294816114;263,499173017761;2737,73740940451;4;"2";"3";1;NA;2;1677,33956185511
146;1554,45555578917;244,356908949004;5460,06977095003;4;"2";"3";1;1;2;1668,4770920048
147;133,925710315816;349,397180643783;5349,02978711986;4;"1";"2";1;1;2;2709,56227234528
148;474,047392606735;474,460988768678;3488,79197394942;4;"1";"2";1;2;3;2645,62898036507
149;388,281224831007;373,010472239126;3755,76412155368;4;"2";"2";1;NA;2;1997,94548286641
150;1614,6983288927;377,840223126762;4947,80700345337;4;"2";"1";1;1;2;3039,11853599985
151;1885,37458414212;528,744631414889;6147,609782661;4;"2";"2";1;NA;3;2670,66294642876
152;1529,6428200556;348,649046743652;6147,7714492573;4;"2";"2";0;1;1;2274,64503190525
153;520,214977534488;142,928873802339;2828,06828245529;4;"2";"3";1;NA;2;3129,14304077682
154;114,774374477565;450,868051563548;3089,72963382273;4;"1";"2";1;2;3;2803,31480446511
155;1510,63645023387;464,298416027024;5869,44748310959;4;"2";"2";1;2;3;2067,98819451745
156;1137,98540944699;438,985424741421;6362,6136742886;4;"1";"2";1;2;3;1270,58625793401
157;1163,25918247458;327,169630109185;3327,49626269432;4;"2";"2";1;1;2;1993,65976861906
158;1367,32410367113;450,946919143353;7168,20200244864;4;"2";"1";1;2;3;2246,63767118994
159;435,210791206919;472,757807999215;1986,97412908289;4;"1";"2";1;2;3;2588,32253813971
160;607,24520215299;428,365726237511;3680,71783347952;4;"1";"2";0;NA;1;2285,6184936839
161;1860,83061574027;447,834947814314;5932,43569908985;4;"2";"1";1;2;3;1659,69149287409
162;1965,18303912599;385,247426394665;5334,39556510292;4;"2";"3";1;1;2;2316,71759846733
163;1009,11291625816;470,254575272858;4263,45136435909;4;"1";"2";1;2;3;1496,50106443874
164;1427,62275091372;433,129055573038;4929,22904465261;4;"1";"3";0;1;1;1945,75131528285
165;1713,16388901323;447,366446439734;7470,7930516542;4;"1";"2";1;2;3;1275,47035365498
166;774,404149432667;515,799768687002;3683,77579464453;4;"2";"2";1;2;3;2009,78814573748
167;458,668116340414;416,259619178663;4981,59398421742;4;"2";"1";1;2;3;2907,05713614997
168;949,345334339887;434,766680661621;952,49478376019;4;"2";"2";1;2;3;2155,81180561411
169;703,576893405989;364,146439321517;5259,31421741865;4;"2";"2";1;1;2;1893,42586089246
170;1426,06094079092;321,947047455892;6691,0569370433;4;"1";"2";1;1;2;2591,98386162603
171;382,255242904648;525,24543171715;-257,465441523041;4;"1";"2";1;2;3;2445,8990833741
172;1854,02997247875;488,532792862706;7721,92703728628;4;"2";"1";1;2;3;2143,19301721545
173;629,433737439103;363,240118108475;3991,58409901819;4;"1";"1";1;NA;2;2818,92248313207
174;1011,28484690562;348,660322811972;7137,06846748983;4;"1";"3";1;1;2;2223,61258279492
175;271,441948832944;489,568833829619;1367,10114563251;4;"1";"1";1;2;3;1115,11040323532
176;718,855695845559;452,609113569735;5399,01950248723;4;"2";"1";1;2;3;2722,28393692849
177;1476,99654544704;185,78693354505;5931,55699783128;4;"2";"1";1;1;2;2573,93832689689
178;210,89857397601;509,32667889357;1167,59070327129;4;"1";"3";1;2;3;2110,68433086946
179;850,669153523631;420,225426375669;1602,35459194428;4;"2";"3";1;2;3;1867,29766865114
180;1143,96676912438;276,360828977287;4157,39894087469;4;"1";"1";1;1;2;2512,16434930844
181;499,881623894908;551,859219843508;1313,58575214877;4;"1";"2";1;2;3;1898,08142774585
182;1003,68055768777;327,27972126059;5254,53456153667;4;"2";"1";1;1;2;2533,3467046361
183;1438,776087109;234,420117759368;2809,55107051245;4;"2";"2";1;NA;2;2109,06263706208
184;1711,23610646464;542,74510621645;6674,57678893167;4;"1";"1";1;2;3;3119,24012080004
185;682,831617956981;301,739088746128;5733,07636269197;4;"1";"2";1;1;2;2184,870898569
186;381,343508022837;373,278636948585;94,8403256246274;4;"1";"3";0;1;1;2528,02216219198
187;396,767180925235;437,328990993314;152,818140697742;4;"2";"1";1;2;3;2320,16984136392
188;1268,34770950954;416,15200159094;4684,22519625299;4;"2";"2";1;2;3;3116,35681743081
189;1783,40190697927;448,98643294217;5659,21712978169;4;"1";"1";1;2;3;2500,61441488763
190;1999,30076901801;317,443074733463;6244,64148759365;4;"2";"2";1;1;2;2353,18023560363
191;1669,18979978655;350,912813073582;6039,65171943717;4;"2";"1";1;1;2;1193,84450864923
192;1508,54393090121;251,931029015802;5537,85170415404;4;"1";"3";1;NA;2;2549,54666003578
193;1777,76085117366;451,775262187482;6567,88701035629;4;"2";"3";1;2;3;2745,71210484624
194;368,30760166049;234,981260380912;2152,00902130379;4;"2";"3";0;1;1;1699,31006678947
195;289,825026318431;177,410361737506;-353,00353240337;4;"2";"3";1;NA;2;1809,86582041751
196;416,891691787168;452,539535770381;4892,32789262372;4;"2";"2";0;1;1;2471,68936263841
197;494,615580956452;496,37348076106;2592,76872689554;4;"1";"1";1;2;3;2527,92639225861
198;853,624535561539;357,990403321453;4573,40767538211;4;"2";"3";1;NA;2;1911,45093175731
199;147,835394181311;296,849125715198;339,721310178679;4;"2";"2";0;1;1;1912,75036407027
200;547,900313069113;350,548434338447;3898,21731336762;4;"1";"1";1;1;2;2302,13804973566
201;1635,5920770904;559,133901686907;3578,61851764791;4;"1";"3";1;2;3;2517,38907301754
202;404,600603040308;432,326081021348;4038,69340395306;4;"1";"3";1;2;3;1403,87221730567
203;1669,88493965473;299,106798200321;5675,23712529249;4;"2";"1";1;1;2;2590,69666920672
204;1194,89866266958;408,771775099817;5478,14486878781;4;"2";"1";1;2;3;2842,51812091271
205;1464,09329415765;489,468434881037;6745,91493148679;4;"1";"3";0;1;1;2251,87559926631
206;140,297823119909;623,338649072945;2394,84119806273;4;"1";"2";1;2;3;2321,83840634537
207;1159,12156763952;269,36598449889;4971,87792198145;4;"1";"2";1;1;2;2132,45265150834
208;843,038214999251;273,680498427665;3588,10596678474;4;"2";"2";1;1;2;1675,79360985604
209;841,692219534889;240,72185498907;5811,52331867079;4;"1";"2";1;1;2;2943,42062543989
210;1903,61137599684;413,49837359782;6038,01134086339;4;"2";"1";1;2;3;2477,82144576867
211;1708,94777460489;405,440135967956;5489,0521241717;4;"2";"1";1;2;3;1581,47603437188
212;1145,22298127413;360,113564791394;5141,41693511018;4;"2";"3";1;1;2;1989,09246153197
213;691,573337232694;426,949973964219;2319,09072648448;4;"1";"2";1;2;3;2384,4546808208
214;1021,3197859237;361,033846358975;2539,38307141718;4;"1";"1";1;1;2;1226,85924793915
215;248,075069696642;409,901439359122;1225,15613187546;4;"2";"2";1;2;3;2945,47164031726
216;415,365321026184;270,104386436994;2346,68624377127;4;"2";"3";1;NA;2;2381,86206785648
217;1399,61459340993;326,23543628514;6437,93853875473;4;"2";"2";1;NA;2;2530,80853773988
218;1505,56417116895;246,582281819943;4463,12898457299;4;"2";"3";1;1;2;2135,79953290824
219;746,064773621038;417,926463546881;3844,89674081185;4;"2";"2";1;2;3;2568,88584550427
220;946,810217807069;373,807175986251;2889,7201130279;4;"1";"1";1;1;2;1944,03864615796
221;818,678817409091;488,40841776256;2870,74721715492;4;"2";"2";1;2;3;1981,12074466223
222;1350,03535533324;346,857452183615;5168,77909088135;4;"1";"2";1;NA;2;1626,96560580242
223;216,787406709045;376,963337397502;956,003882416446;4;"2";"1";1;1;2;2590,35569128629
224;1373,74948987272;343,097252697629;7569,09369351129;4;"1";"1";1;NA;2;3095,52377033699
225;727,677968214266;386,939863324156;5271,09266222216;4;"1";"1";1;1;2;2194,85423528004
226;800,214777630754;490,962586843643;2995,60285344302;4;"2";"3";1;2;3;2082,73575470993
227;1357,42103406228;323,54422932207;3830,52624041602;4;"2";"2";1;1;2;1791,73373569921
228;142,692617280409;486,322260220057;470,562309869967;4;"2";"1";1;2;3;3044,105310557
229;1455,94677177723;491,591299752387;9220,91944313367;4;"2";"1";1;2;3;1638,07481125852
230;1160,74792295694;291,776987339817;2939,41222454416;4;"2";"3";1;NA;2;2751,26146333383
231;928,829254163429;425,399957599567;3023,6175821732;4;"2";"1";1;2;3;1888,28024491861
232;226,798411738127;433,194370134165;3587,12036633573;4;"1";"1";1;2;3;2424,83670940827
233;1514,21570412349;384,913753588859;5890,0290538717;4;"1";"1";1;1;2;2153,60178898636
234;1517,41554171313;408,262279690671;4645,81418035347;4;"2";"2";1;2;3;2694,02899738372
235;318,748627160676;399,274795279826;3184,89166953551;4;"1";"3";0;1;1;2198,66873645739
236;1043,88542254455;397,166402002364;2444,53023896484;4;"1";"2";1;NA;2;2626,3379042065
237;1818,92989131156;552,155525196839;6238,75475548065;4;"1";"2";1;2;3;1720,80708238282
238;1840,45161309186;479,553803664823;5284,94575840149;4;"1";"1";1;2;3;1807,22195105699
239;886,618777830154;230,057968017918;6476,89702007597;4;"2";"2";1;NA;2;2893,65808516346
240;1221,56524760649;320,681736781969;2299,33544282011;4;"1";"2";1;1;2;1641,37677305067
241;619,025904103182;322,587702802389;453,09587932121;4;"2";"3";1;NA;2;2666,53757495294
242;1735,05986852106;425,39688481481;4030,11982423984;4;"2";"3";1;2;3;1597,11382458112
243;1377,55416112486;504,42359128325;5594,23339622141;4;"1";"2";1;NA;3;2128,79304053828
244;1318,33917906042;256,609533097517;4286,55070608249;4;"2";"3";1;1;2;2342,5882666565
245;1744,43920699414;331,508439891804;3212,64681495509;4;"2";"1";1;1;2;1469,1734439994
246;1542,05903238617;601,069704284524;5873,7123384178;4;"1";"3";1;2;3;1937,96078025568
247;502,346243476495;185,954532791079;5128,22529018274;4;"2";"3";1;NA;2;1627,54930242559
248;1905,82537946757;337,173175563173;10330,6170549951;4;"2";"2";1;1;2;2538,05419307055
249;1602,5268698344;337,664332022135;6885,2435770208;4;"2";"3";1;1;2;2393,55461318888
250;292,268777149729;348,843002677558;964,344058460506;4;"1";"1";1;1;2;2100,94609791524
251;1802,05330145545;326,20137501888;6800,84296549535;4;"2";"2";1;1;2;2377,48257495408
252;796,243511606008;143,878907765528;1442,90845687924;4;"2";"1";1;1;2;2038,3049412949
253;1150,04092559684;366,914569972281;5018,7537854714;4;"1";"3";1;1;2;1906,42988421776
254;1362,07441678271;218,349591152176;2699,69255226997;4;"2";"1";1;NA;2;2387,27217438552
255;1872,66634998377;201,20093859006;6575,45274787665;4;"2";"2";1;NA;2;2957,13746075642
256;1880,90532985516;255,407458975913;6844,86264630795;4;"1";"1";1;1;2;2771,38173054275
257;1573,63275615498;390,082958498049;4716,80983367533;4;"2";"2";1;1;2;1859,02604790062
258;910,498103918508;536,867850932229;3107,99245295866;4;"2";"3";0;1;1;1834,43542910851
259;707,721840660088;354,304572848986;3182,89739519301;4;"1";"1";1;1;2;1929,40908151997
260;1622,46482581832;396,267409850734;5170,37203082532;4;"2";"2";1;NA;2;2400,14165517553
261;490,202509588562;263,145286934919;3084,27476708664;4;"1";"2";1;NA;2;1391,88282193822
262;1500,99935433827;232,687426738167;6832,16148078024;4;"2";"2";1;1;2;1118,84159009612
263;665,020850929432;488,652274026007;3562,00613933464;4;"2";"2";1;2;3;2090,11193238779
264;155,95436214935;333,991175192119;2577,32320688419;4;"1";"2";1;1;2;2456,87080848782
265;361,291196825914;404,839595461667;2677,66241338538;4;"2";"1";1;2;3;3352,76388394881
266;154,650602303445;355,178073945195;438,445309257942;4;"1";"1";1;1;2;1922,81202686224
267;1063,0375467008;318,488686686449;4369,15829925903;4;"1";"3";1;1;2;2151,6870799294
268;1385,57302863337;500,274990357172;6592,70434798413;4;"1";"1";0;1;1;2050,33342858028
269;1805,5835371837;431,070058910068;6269,75523594935;4;"1";"1";1;2;3;1663,3477775805
270;1776,27793699503;326,305116414188;5538,33838647952;4;"1";"3";1;NA;2;2400,95349830371
271;1620,92565440107;371,618170135912;4953,30408125239;4;"2";"1";1;NA;2;2216,3145014861
272;1206,79306068923;512,762131455979;4266,4079107172;4;"1";"1";1;2;3;2415,01038261365
273;175,949558778666;249,685415501064;2354,35279652647;4;"1";"1";1;NA;2;2689,76862695144
274;377,973119472153;466,943788411186;391,018814630712;4;"2";"1";1;2;3;2222,11117942077
275;1457,19521178398;199,810383474598;5821,1901236602;4;"2";"1";0;1;1;2442,4334313889
276;311,634777020663;240,133179593387;2284,75989593732;4;"1";"2";1;NA;2;2087,42482445679
277;1504,90653126035;362,095353934017;3034,56064220468;4;"2";"1";1;1;2;2516,73389222553
278;1059,32518651243;255,849214213792;6044,21435624461;4;"2";"1";1;1;2;1744,82054526946
279;221,235094615258;408,888373014832;2175,08343154529;4;"1";"2";1;2;3;2205,22365872111
280;1968,18912744056;569,765275386154;8027,20486658962;4;"1";"2";1;2;3;2999,53096962548
281;1661,98415616527;469,686652619614;6356,19154801214;4;"1";"3";1;2;3;1466,1094149408
282;194,372477289289;551,443803409681;5746,67760887815;4;"1";"2";1;2;3;3140,47652652115
283;200,108498428017;547,783320512142;1767,51514150127;4;"1";"1";1;2;3;2622,24674012002
284;1499,21239626128;327,843879042954;6174,97064430835;4;"2";"2";0;1;1;2750,10003047203
285;1947,64544507489;512,293870201496;6832,47858609151;4;"1";"2";1;2;3;2517,51218189329
286;1894,10132006742;428,553916592657;5733,84230884317;4;"1";"2";1;NA;3;2524,5849687079
287;118,397305253893;396,793619303588;975,84315992772;4;"2";"2";1;1;2;2267,46996291388
288;1850,7923288038;381,71860604443;7274,32343422598;4;"1";"1";1;1;2;1428,24135381482
289;1174,77530110627;348,33111658528;4141,95667510482;4;"2";"1";1;1;2;2393,16735872879
290;461,636570654809;403,22902745243;3141,72940595853;4;"1";"2";1;2;3;2315,66718705472
291;1521,03533470072;315,999275331049;6320,96127036537;4;"1";"1";1;1;2;1772,85410429436
292;1134,45685475599;355,046809094185;2405,91090010289;4;"2";"1";1;1;2;2684,06157003183
293;794,16122934781;289,726899255271;2469,66216573365;4;"2";"2";1;1;2;1852,2010262328
294;1445,8175243577;370,365902992968;4669,34249621418;4;"2";"3";1;1;2;972,290733616339
295;419,842665968463;480,307321678685;1913,71325246267;4;"2";"3";1;2;3;2003,89602605436
296;587,049532099627;278,182750059462;4580,76351187135;4;"1";"3";1;1;2;2035,12530046195
297;892,257248819806;463,240696541637;3349,85159263855;4;"2";"2";1;2;3;2540,22851512658
298;1606,71507061925;326,751941990538;5250,07652932377;4;"1";"1";1;NA;2;1762,20472282595
299;1983,61153292935;427,910015702796;8419,73459021919;4;"2";"1";1;2;3;2501,23798586657
300;285,652718855999;514,274997336854;3519,60553333152;4;"1";"2";1;2;3;997,856854412414
301;1090,05665709265;229,061719242074;4385,98988213717;4;"1";"1";1;1;2;1354,60423901415
302;1113,53414361365;569,10785789566;6104,3737768486;4;"1";"3";1;NA;3;2311,65476732711
303;246,476859808899;416,577375065893;2547,31594488738;4;"2";"2";1;2;3;2129,74453528711
304;1888,17559476011;339,917142135384;8366,63707137632;4;"2";"3";0;1;1;2015,67182822643
305;1031,53023540508;413,947067029975;6595,86097084284;4;"1";"1";1;2;3;1595,81000194361
306;660,917212069035;458,048393310095;3960,95564556318;4;"1";"1";1;2;3;2195,52356614399
307;725,352123565972;433,94733067211;2072,91750505859;4;"2";"3";1;2;3;2727,21786434178
308;169,443416874856;327,725918709663;22,6721892761027;4;"1";"2";1;1;2;1382,07105291902
309;1356,53925216757;209,818916634784;4874,67498374521;4;"2";"1";1;1;2;3045,59230333738
310;1535,4592584772;450,535065389471;4014,97852447182;4;"1";"1";1;2;3;1758,3480369549
311;435,087822005153;262,167640618027;1712,50188591811;4;"2";"2";1;1;2;2000,8398059067
312;1018,41512077954;483,895385867287;1532,7758943809;4;"1";"1";1;2;3;1794,68445170043
313;1660,79269358888;415,973698558992;7377,14822797387;4;"1";"1";1;2;3;2357,08544410925
314;1087,51697433181;344,656216407926;5403,90431688851;4;"1";"3";1;NA;2;3405,73309948269
315;1875,09649768472;263,242423483603;6355,13399732793;4;"1";"2";1;1;2;2348,90920678013
316;983,67905318737;324,287234840584;2638,34147339676;4;"2";"1";1;NA;2;1781,97899943596
317;106,775115826167;375,200181669973;1868,68820784836;4;"1";"2";1;NA;2;1983,88618055724
318;1179,72064372152;375,748402298481;5515,54213611584;4;"1";"2";1;1;2;1719,88228418953
319;714,588046143763;350,024220486344;2720,48992738953;4;"2";"2";1;NA;2;2184,68259376885
320;1633,48313889001;400,744338850291;5804,7444355207;4;"1";"2";1;2;3;1562,69688276704
321;1345,57447570842;453,092359201612;5108,8232814012;4;"1";"3";1;2;3;2415,74636567689
322;1728,5331069259;551,27595618304;6274,99534001594;4;"2";"2";1;2;3;1665,92987548321
323;326,398732606322;402,146532959561;1833,64556565016;4;"1";"1";1;2;3;2813,74120817105
324;1062,39413677249;462,241595172172;4771,71434394517;4;"1";"2";1;2;3;2430,99840307178
325;1635,26703305542;301,291887634482;5078,84665261947;4;"2";"2";1;1;2;2269,42149735074
326;420,093283406459;496,718523088903;2840,08932954221;4;"1";"2";1;2;3;2068,50432858564
327;1825,72267130017;269,441086422738;5851,20490056273;4;"1";"1";1;1;2;1584,25352494453
328;192,689217091538;380,720308743185;-986,630887793737;4;"2";"1";1;1;2;2531,20655243324
329;1352,45862493757;535,979992408767;3726,52761640309;4;"2";"2";1;2;3;2450,2456377603
330;1195,39886636194;549,268756925116;6333,96344223958;4;"1";"2";1;2;3;1699,90012649528
331;1305,14488802291;471,07435051444;5786,22404636795;4;"2";"3";1;2;3;2223,65674295733
332;1843,42150557786;497,748235205262;7337,47800410308;4;"1";"3";1;2;3;2612,55279852594
333;1251,74712075386;278,523999973574;4392,09762289694;4;"2";"2";1;1;2;2914,56440985058
334;1594,39418017864;432,158114637824;7135,8380152002;4;"2";"3";0;NA;1;2755,56445590228
335;719,090656633489;389,228132948542;3412,57272191958;4;"2";"3";1;1;2;2227,75203969877
336;1274,25415376201;251,285354247929;3729,91567476653;4;"2";"2";1;1;2;2197,12528462355
337;1035,87759237271;180,851539165857;4459,92797926935;4;"1";"2";1;1;2;1769,17355719169
338;1136,97460750118;394,25025355026;6135,28429619591;4;"2";"1";1;1;2;2949,94878925982
339;1100,47532338649;453,416756218362;2819,058145956;4;"1";"1";1;2;3;2249,77025902471
340;961,441082577221;384,889347629425;4073,59132140615;4;"2";"3";1;NA;2;2112,7436302667
341;304,097089613788;158,113261193081;1654,0203360199;4;"2";"1";1;NA;2;2875,39535378214
342;1047,08603208419;305,574393956065;2808,96861478859;4;"1";"3";1;1;2;2209,90486519746
343;1309,19131941628;466,611246827076;7707,09273233711;4;"2";"1";1;2;3;2125,24778011055
344;122,500481386669;321,083248102136;-1641,25458817541;4;"2";"1";1;1;2;1353,8730798141
345;1791,85088865925;322,524538712623;5511,00341929385;4;"1";"1";1;NA;2;1740,53140939534
346;1207,6279204106;311,23285201416;4663,61074556327;4;"2";"1";1;1;2;1983,84798155775
347;1274,99254185241;259,990719825601;4590,49120238543;4;"1";"2";1;1;2;2602,18828741036
348;189,557682699524;352,943722010195;-229,592966037478;4;"2";"2";1;NA;2;1851,53657556764
349;113,056522072293;357,500471330484;-861,662481482021;4;"1";"3";1;1;2;2770,13973766042
350;201,167011307552;467,470865487392;-321,370453462077;4;"2";"3";1;2;3;1584,38609305
351;376,121132238768;399,203967449079;840,920777527002;4;"2";"3";1;NA;2;1518,23366467457
352;805,088816396892;367,548462379231;2992,31069574921;4;"2";"2";1;1;2;3311,33158890374
353;1985,21032410208;426,052653022685;10067,1468502073;4;"2";"2";1;NA;3;2652,74028750057
354;1031,27444435377;298,039034865292;4825,68915922055;4;"1";"1";0;1;1;1869,8516563456
355;1695,63618875109;385,620862086413;3781,63699616893;4;"1";"1";1;1;2;2368,95869838788
356;280,416244477965;347,730626464393;3099,64795372968;4;"2";"1";1;1;2;1939,40239403394
357;340,526571753435;342,905803882045;1541,71812982786;4;"1";"3";1;NA;2;2742,22348089899
358;1528,84899445344;465,659728728653;7226,06006102302;4;"2";"1";1;2;3;1670,26899241185
359;746,613931329921;393,974278172508;2948,08836961849;4;"1";"2";1;NA;2;2543,21420829955
360;332,114989170805;455,38525756264;2002,93527036161;4;"1";"1";1;2;3;2285,00899252966
361;984,225635812618;220,111897181959;3545,06634577291;4;"2";"1";1;1;2;2621,7416511382
362;1918,22225190699;336,279313271735;7116,58012006067;4;"2";"2";0;1;1;3371,19329437896
363;375,125703820959;496,517167815269;4638,4760877898;4;"1";"2";1;2;3;3346,8245264724
364;1995,76181489974;452,301560447917;5193,20581264691;4;"2";"3";1;2;3;2415,08981159971
365;1787,31910465285;341,656638791953;6815,86076871989;4;"1";"3";1;1;2;2103,4956917825
366;1578,85686473455;437,508141975811;6112,78319536206;4;"2";"2";1;2;3;2833,55567534054
367;495,472623733804;373,305032519586;4149,15828317467;4;"1";"3";1;1;2;2173,57405854077
368;598,891499452293;344,211584110315;197,015359124875;4;"1";"2";1;1;2;2259,01074574191
369;423,784141801298;382,368898024171;2958,61581990975;4;"2";"1";1;NA;2;2209,04924067116
370;1145,22656586487;457,039215760615;4897,47221172144;4;"2";"3";1;2;3;2239,81963157566
371;1180,29553988017;327,671984199428;3245,92333588968;4;"2";"1";1;NA;2;1895,74518676974
372;1756,69525628909;369,568657528028;5511,96212413452;4;"1";"1";1;NA;2;1830,0062365995
373;265,519953658804;421,040005624514;1724,88198910831;4;"2";"3";1;2;3;2026,40230163548
374;978,439434827305;232,342237031503;4253,39995252305;4;"2";"1";1;1;2;1975,36072417709
375;1129,89743493963;374,148082806945;2852,51446567675;4;"2";"2";1;1;2;2721,26145973306
376;1860,84556945134;443,885480623787;7621,43034521979;4;"1";"3";1;2;3;2330,4794967468
377;182,721227151342;288,94380794639;3767,68946657048;4;"1";"2";0;1;1;980,039807168778
378;1657,09143399727;505,602582128911;6424,744739864;4;"1";"3";1;2;3;1747,40793479479
379;1845,62403419986;376,570816905467;8199,88155282832;4;"1";"3";1;1;2;2256,71025662372
380;1118,44026453327;273,854294210947;4130,24976239125;4;"2";"2";1;1;2;2143,51438550284
381;1315,08421362378;464,455000237277;2367,16682171609;4;"2";"3";1;2;3;1329,90557570726
382;1656,79620006122;449,618512008347;7338,18210035276;4;"1";"3";1;2;3;1015,82546944036
383;128,637984208763;375,96266136799;29,454503048727;4;"1";"2";1;NA;2;1430,44338756345
384;1930,98061857745;179,035197705933;5691,70416779172;4;"1";"3";0;1;1;3425,20902812986
385;227,700804476626;516,489369757548;1796,96682441588;4;"2";"2";1;NA;3;2505,49725337691
386;464,779744460247;426,076374529604;2499,19465999715;4;"1";"2";0;1;1;2495,20459772442
387;256,069728941657;258,711343261893;3250,41942723485;4;"2";"2";1;NA;2;2571,48869579636
388;748,460814845748;417,069115678902;277,029174440064;4;"2";"1";1;2;3;2098,34955473148
389;443,406179128215;266,658948932737;2116,49829728115;4;"1";"2";1;NA;2;2397,396055291
390;422,917483048514;499,005103499507;2626,17711979396;4;"1";"3";1;2;3;2261,64612269769
391;996,477749710903;359,166795655079;4221,59924798134;4;"2";"3";1;1;2;2377,883559843
392;1263,94920831081;469,289190331058;6709,28618413949;4;"2";"3";1;2;3;2593,02993326964
393;728,935947222635;536,456518939429;2192,08609683122;4;"1";"1";1;2;3;1890,07939318359
394;1060,96922678407;273,264968209264;5043,30052165563;4;"2";"2";1;1;2;2624,30007249214
395;1054,51024461072;438,157088888394;5037,09877534739;4;"1";"3";1;2;3;2127,94072249298
396;1479,267732054;558,672765448661;5349,06650562511;4;"2";"3";0;1;1;2542,02742293173
397;884,498087852262;416,24404206556;1524,80649980827;4;"2";"2";1;2;3;1585,01524130688
398;1064,25694369245;416,447601001534;3841,98781380203;4;"1";"3";1;2;3;1686,22071310058
399;538,304646778852;395,363497800455;2869,09632048673;4;"1";"2";1;1;2;2231,88317112527
400;385,214820900001;487,660399954376;3320,71608831761;4;"1";"1";1;2;3;1722,51240825958
401;369,647817895748;419,562189313219;225,79800621126;4;"2";"3";1;2;3;2704,31361667948
402;1766,13290773239;355,878587264623;6405,88539517649;4;"1";"3";1;NA;2;3127,28039404299
403;1919,49090196285;396,950407375673;4467,12487002737;4;"1";"1";1;1;2;2318,60811527947
404;1056,33350512944;538,323709028194;5760,60283237845;4;"1";"3";1;2;3;1635,97353399857
405;1367,28466476779;497,975886337022;4964,76519068621;4;"1";"3";1;2;3;2183,23443264908
406;640,886783110909;507,981462660584;2351,52716989534;4;"2";"3";1;2;3;3033,76562000599
407;691,859121527523;548,802318297115;1443,97073469175;4;"2";"1";1;2;3;1686,13578928441
408;618,919329438359;445,850480121421;1539,15878924464;4;"2";"1";1;2;3;2800,10575957244
409;1054,84880241565;475,289489167033;6807,52183859067;4;"2";"1";1;2;3;2047,22490739117
410;1840,81922762562;443,580059406133;5701,81651403817;4;"1";"3";1;2;3;1678,19677524949
411;1264,69134290237;363,857588816369;7784,19793144827;4;"2";"2";0;1;1;2027,45344919295
412;914,862598618492;388,134773551269;3526,63893002683;4;"1";"2";1;1;2;1442,32780235157
413;1420,08709667716;346,841622027821;5697,95101427713;4;"1";"2";1;1;2;2674,59240171424
414;1554,48780604638;404,336915835577;6124,07879996629;4;"1";"3";1;2;3;1541,13015496041
415;1090,74803453404;614,259054016945;2611,08657575885;4;"1";"3";1;2;3;1692,61450023109
416;514,037672174163;371,007354554288;4113,45121127485;4;"2";"3";1;1;2;3188,18817416916
417;625,004456448369;586,048865460774;1942,91108331044;4;"2";"2";1;2;3;1460,48551249123
418;571,330067864619;555,061767393992;710,111770219631;4;"2";"3";1;2;3;2006,65606417848
419;783,349041524343;396,333824375641;3430,57495308101;4;"1";"3";1;1;2;2455,58493799423
420;791,541989287362;335,574324192301;1098,31142365603;4;"2";"3";0;1;1;2396,99931463761
421;1167,56564290263;351,124539453828;4993,28411988478;4;"2";"3";1;1;2;1649,55350018661
422;557,456976198591;485,392445606358;5200,05182450358;4;"2";"2";1;2;3;2074,92728033072
423;1819,65154423378;588,281725786185;4186,47068572705;4;"2";"2";1;2;3;2178,19987548067
424;1971,70402857009;429,970740651798;5945,85587585393;4;"2";"1";1;2;3;2495,64986241664
425;1471,49362666532;349,367186761419;4363,66825125208;4;"2";"1";1;1;2;2455,74817730553
426;1222,38448120188;399,23309145158;5867,96826362523;4;"1";"1";1;NA;2;1561,14026662081
427;162,107693706639;438,214631043379;-223,91124059291;4;"2";"3";0;1;1;2533,02258700529
428;825,390133890323;342,047289855979;4823,42440811005;4;"2";"2";1;1;2;2122,1751064719
429;718,753540539183;394,622800811864;2037,37930457035;4;"2";"2";1;1;2;2440,42130751986
430;1681,58990468364;514,018641692004;5245,96689453759;4;"2";"3";1;2;3;2933,09139007214
431;896,591025218368;270,273309212422;3188,98178490503;4;"2";"2";1;NA;2;2944,5389764518
432;910,432336432859;360,642553996796;1925,78832529072;4;"2";"2";1;1;2;1831,41279465863
433;986,686757509597;293,763797059459;4032,95432522465;4;"2";"3";1;NA;2;2067,35281951295
434;782,013773289509;408,767225022375;4439,15115796376;4;"1";"2";1;2;3;3877,35635791655
435;1899,05279094819;400,453555379912;6887,84689326289;4;"2";"1";1;2;3;2313,78433295126
436;1267,39892899059;314,574263652981;6160,09993979964;4;"1";"3";1;1;2;2567,56752947737
437;1017,53823468462;437,314258167863;4162,46103138347;4;"2";"2";1;2;3;1989,96353660525
438;1403,26764925849;536,591986920985;1926,53432789628;4;"1";"2";1;2;3;3084,93964905685
439;867,572513013147;276,602560311694;2217,65866332805;4;"1";"3";1;NA;2;1996,3266930011
440;1088,88681486715;332,466872135271;3528,16720834674;4;"2";"1";1;NA;2;1652,92522234522
441;1153,60359251499;391,81445550107;3899,57396219159;4;"2";"2";1;NA;2;2669,06307210853
442;329,389910562895;421,157691310173;3659,66291725805;4;"1";"3";1;2;3;2585,9643896244
443;903,638195688836;289,56557315818;4452,66129084502;4;"2";"2";1;1;2;1876,97003830004
444;1647,34503484797;223,302137239447;5614,75298413586;4;"2";"2";0;NA;1;1733,011065659
445;392,030901834369;502,113654574344;1814,74851192646;4;"1";"1";0;NA;1;1832,14499522888
446;256,950005423278;353,322157494236;2439,8854118979;4;"2";"1";1;1;2;2353,51613941622
447;1591,50812544394;138,4752622544;3735,35284296834;4;"1";"3";1;1;2;2770,6382867545
448;1497,71879068576;464,759381176118;6192,53579982473;4;"2";"2";1;2;3;2488,30985394826
449;1532,9593640985;262,270889979577;2531,49352703176;4;"2";"1";1;1;2;2170,5004512408
450;1745,9568270715;392,568537571779;4787,12344937546;4;"1";"1";1;1;2;2490,12523057
451;1796,39895041473;419,991889515637;6412,73145577335;4;"1";"1";1;2;3;2384,01286890318
452;1074,35381344985;390,419459329206;3537,8861103463;4;"2";"1";1;NA;2;990,168506021606
453;135,218215174973;489,064773230565;-993,321589361841;4;"1";"1";1;2;3;2457,41455911946
454;1113,82333377842;293,117601128816;5410,91452235824;4;"2";"2";1;NA;2;2107,56425567079
455;783,212885912508;347,891748113854;4746,04418423193;4;"2";"2";1;NA;2;2764,85710506313
456;1649,56498786341;645,251568035704;3698,98965717549;4;"1";"3";1;2;3;1767,42146853546
457;470,093197957613;551,999055187782;-929,314937880466;4;"2";"3";1;2;3;2023,75482168214
458;1804,95446384884;506,648724319228;8542,8822509418;4;"1";"3";1;2;3;2241,20115600254
459;977,758304192685;514,90562678758;6196,80702595208;4;"1";"2";1;2;3;2600,06335679412
460;1497,7662127465;400,139823557504;9230,49132501593;4;"2";"3";1;2;3;2620,47428839562
461;971,374669647776;655,196813986133;5541,32202777736;4;"1";"2";1;2;3;1935,60818019271
462;147,780138044618;477,937745492462;220,023909418121;4;"2";"2";0;1;1;2933,38878188668
463;1492,00650048442;279,336754382788;6173,19371437985;4;"2";"2";1;1;2;1527,82786329579
464;128,733909945004;332,203450557801;1639,01527653229;4;"1";"3";1;1;2;3069,37906364912
465;160,932696890086;263,671078012561;1125,21718298741;4;"1";"3";1;NA;2;1994,22690074366
466;1694,35010855086;279,37405630527;5829,60398471073;4;"2";"2";1;1;2;2168,04304434197
467;602,588836476207;278,204350716679;4328,35664412487;4;"2";"3";1;NA;2;2053,92508105417
468;1693,60886137001;394,083875263831;6678,45371081214;4;"1";"1";1;1;2;2089,42500250076
469;812,809127708897;323,522918164444;2074,49135885448;4;"2";"3";1;1;2;1405,71059095559
470;160,589339723811;424,657838830181;3660,32581717259;4;"1";"1";1;NA;3;1550,33852380357
471;207,07904191222;371,684752995916;218,872714404253;4;"1";"2";0;NA;1;2233,0713735238
472;175,401411019266;427,358560551538;2726,24148767604;4;"1";"2";1;2;3;2493,28070852578
473;1103,22363039013;473,355368164771;4470,98006258642;4;"2";"2";1;2;3;1913,78726473007
474;452,775307954289;400,590490085201;4056,19076414671;4;"2";"3";1;2;3;947,154010748004
475;152,8232002398;218,04441770604;10,6242336836458;4;"2";"3";1;NA;2;2374,75619133257
476;1206,17954491172;423,745627452471;6653,26306156261;4;"1";"2";1;2;3;1967,0739255828
477;1534,35074978042;442,804107239628;6022,13493525523;4;"1";"3";1;2;3;2161,76737055431
478;896,690123691224;355,798531695613;2457,56230487725;4;"2";"1";1;1;2;2198,64188273728
479;717,142672883347;287,654054663977;20,2106202732048;4;"2";"2";1;NA;2;1490,38030583424
480;1402,33612281736;496,973235013964;4455,0828083647;4;"2";"1";1;2;3;2207,45746242304
481;1030,29412447941;213,504131340088;5043,44355580332;4;"1";"3";1;1;2;1691,94067950516
482;1048,94922741223;393,476400335151;1245,44314235672;4;"2";"1";1;1;2;3329,74307245124
483;1543,95502121188;474,245797339458;6726,80441498857;4;"1";"2";1;2;3;2306,40070242288
484;662,250239215791;495,812121129228;3298,43501440705;4;"1";"1";1;2;3;2449,01132767559
485;1840,94156688079;382,46646584681;5222,48529863608;4;"2";"2";1;1;2;1488,51835215289
486;977,537340251729;637,580368915125;2440,88685858116;4;"1";"3";1;2;3;2148,71929517059
487;725,397058133967;543,296651149741;2516,98205057242;4;"2";"1";0;1;1;2893,62915510521
488;1466,25749822706;440,067251824382;3296,19586680835;4;"1";"3";1;2;3;2244,76725070998
489;877,993777836673;366,530204116593;3287,07842598265;4;"1";"1";1;NA;2;3140,45195231011
490;1958,17804189865;642,056410802749;7092,28147442471;4;"2";"2";1;2;3;1054,83970800425
491;1930,04170884378;350,050569203826;7252,90205255152;4;"1";"1";1;1;2;2467,02049941196
492;1631,77912274841;586,892400473105;5130,755242443;4;"1";"1";0;1;1;2510,14411647683
493;1773,78125207033;522,534042007569;5224,47095402842;4;"2";"1";1;2;3;1567,36437401838
494;1535,62815980986;248,821524318768;5718,61750073317;4;"2";"3";1;NA;2;2565,98812027887
495;1087,05502883531;399,728833445768;3730,09536864934;4;"1";"1";1;NA;2;1697,13727277338
496;489,577261940576;235,593825322266;563,728362854244;4;"2";"3";1;NA;2;1861,84927748737
497;1756,67335723992;477,992833269856;4919,76626666066;4;"1";"2";1;2;3;1920,20206436007
498;766,662688460201;303,519482362339;1899,78809215019;4;"2";"2";0;1;1;1987,19653275304
499;1681,5619353205;495,495619950739;4547,18000036829;4;"2";"2";1;NA;3;1742,48521160184
500;938,460062979721;417,132770675486;2611,56329400834;4;"1";"3";0;NA;1;2828,73729953922
501;260,650490410626;279,476449099865;773,75626533745;5;"1";"1";1;1;2;897,662898136593
502;177,238256530836;333,871967287782;4647,82928146525;5;"2";"3";1;1;2;556,296830957205
503;1923,67283292115;513,543430630637;8873,52300800435;5;"1";"3";1;2;3;1219,55625437459
504;746,214208984748;279,168326422526;4676,18819004607;5;"2";"2";1;1;2;720,91044946661
505;507,368457713164;251,763487563415;3285,95226676579;5;"1";"2";1;1;2;1143,49791671305
506;402,218780294061;344,91627028199;5411,04103855742;5;"1";"2";1;1;2;823,747100286253
507;460,673766746186;428,971434678278;3537,71533964381;5;"1";"3";1;2;3;1089,94067896543
508;182,992862863466;332,121656726752;1632,636225255;5;"2";"2";1;1;2;901,26714202152
509;554,397138045169;293,302365724956;2585,63301549082;5;"1";"1";1;1;2;643,791051343295
510;902,886302676052;239,5576674258;3738,20569212251;5;"1";"2";1;1;2;760,589698863489
511;225,036557740532;410,591357949037;1894,46582149845;5;"2";"2";1;2;3;1276,3705656225
512;533,467687270604;406,287895825921;1887,44908777584;5;"2";"1";1;2;3;704,040158554681
513;462,827090080827;358,262950061166;-922,060717477612;5;"1";"2";1;1;2;748,13322276169
514;1086,61733495537;296,640472480965;5601,68005468609;5;"1";"3";1;1;2;1103,64074604628
515;338,539105304517;437,915608791263;3548,70567904571;5;"1";"3";1;2;3;1172,67665407387
516;781,108488282189;326,527419795079;899,298271166797;5;"1";"2";1;1;2;850,06805101262
517;1326,60265651066;302,905319964066;4160,95400637958;5;"1";"2";1;1;2;1091,81865936758
518;1640,66216195934;430,548724362922;5551,85117760815;5;"2";"1";1;NA;3;1027,54678155655
519;1367,64596966095;331,570374358739;2425,91626142364;5;"1";"1";1;1;2;496,41220455694
520;648,259340017103;494,263616521929;5048,74020052974;5;"1";"2";1;2;3;347,725195523497
521;1782,51201363746;391,377688196254;6366,33705781503;5;"2";"2";1;NA;2;573,818575204058
522;777,907257643528;260,525902455117;3892,78095635562;5;"2";"2";1;NA;2;575,66230923701
523;961,273227911443;374,541323539429;3865,02674071119;5;"1";"1";1;NA;2;758,208923164915
524;226,061329990625;392,515485276256;1895,22471477904;5;"1";"2";1;1;2;611,051734149684
525;1886,70002229046;336,814460176617;6512,97874613436;5;"1";"1";1;1;2;577,730069749596
526;321,484241005965;275,373860955158;-939,59886678217;5;"1";"2";1;NA;2;566,700094419004
527;715,05101043731;382,300558768636;2878,71767777701;5;"1";"1";1;1;2;562,122660977055
528;124,283443461172;405,449995801937;-172,620867147391;5;"1";"2";1;2;3;739,857003060167
529;1692,05920868553;471,878462211881;3288,16330800825;5;"2";"2";1;NA;3;676,98393926313
530;239,814803912304;488,858384155757;2332,68635179703;5;"1";"1";1;2;3;744,58302413697
531;253,633809532039;249,552295660631;1621,17249339025;5;"2";"1";1;1;2;801,596064349602
532;1484,25741468091;269,410422003052;3961,26687513969;5;"1";"1";0;NA;1;819,855326230562
533;729,142745328136;527,790887620503;3003,71428873116;5;"2";"3";1;2;3;1053,68548983461
534;1574,33996233158;193,392318111111;4295,57265314019;5;"1";"1";1;1;2;1070,15675889842
535;921,702090208419;293,928958958027;2610,00381485465;5;"1";"2";0;1;1;725,951855141415
536;1833,40273548383;313,719764052331;6582,91006200908;5;"2";"1";1;NA;2;898,905744245986
537;125,058255647309;371,029898746033;3377,24370356421;5;"1";"3";1;1;2;1004,5657971209
538;527,192414156161;512,085743410866;-107,288753592939;5;"2";"3";1;2;3;574,577473833202
539;1404,98302213382;375,840092803425;5658,23178281383;5;"1";"1";1;1;2;636,718063479359
540;871,654476225376;211,798793202242;4472,51589479527;5;"2";"3";1;1;2;852,288508405951
541;219,384867162444;266,379689246737;1552,77088702841;5;"2";"1";1;NA;2;407,480930990985
542;123,442840343341;523,711237963657;101,49573172552;5;"1";"2";1;2;3;994,659740507654
543;1147,60100664571;466,91832232916;6209,39425680303;5;"2";"2";1;2;3;761,741702739833
544;1220,3476103954;292,296323732966;5437,01929697489;5;"1";"2";1;NA;2;917,440007734841
545;1666,60439369734;530,931315286053;5648,51464712489;5;"2";"1";1;2;3;925,175957915544
546;1362,27068894077;309,506375722162;5152,73929971641;5;"1";"2";1;NA;2;1055,14822550128
547;1434,04152533039;275,436834037271;7929,12528939115;5;"1";"3";1;NA;2;973,025321490471
548;769,969144952483;441,421684008838;4802,91413845943;5;"1";"3";1;2;3;568,485649316081
549;316,720890137367;572,529901567019;4552,32456372325;5;"1";"1";1;2;3;1137,27499265402
550;853,798739681952;332,826258474328;3045,58982682816;5;"2";"3";1;NA;2;985,020515414929
551;386,660180264153;448,032340755754;2036,92087130675;5;"2";"1";1;2;3;481,369680987698
552;830,829923972487;387,292305545877;3485,56959167858;5;"1";"3";1;1;2;836,81494200733
553;719,667308148928;515,536106352743;5752,09933835884;5;"2";"3";1;2;3;482,67611195518
554;1803,00339937676;497,61132324267;5905,23340895171;5;"1";"2";1;2;3;535,529318393814
555;1691,92207497545;281,325742815574;6265,15694830013;5;"1";"2";1;NA;2;792,683762731008
556;1556,885636691;625,830675328636;4137,43393969131;5;"1";"2";1;2;3;934,248572745733
557;1656,0342522338;464,673430114637;5701,00075975163;5;"1";"3";1;2;3;746,687031433314
558;1225,40189616848;422,22262370256;3245,26938881009;5;"2";"3";1;2;3;862,003909232939
559;182,176928524859;459,993771224375;-702,177269598467;5;"1";"3";1;2;3;680,786490381895
560;1979,88905068487;312,690282361971;7643,79193375986;5;"2";"1";1;1;2;562,24189274785
561;1219,04541081749;456,212333264112;2309,09500555459;5;"2";"1";1;2;3;720,669294587201
562;649,172008759342;366,715879210518;1910,57871627419;5;"1";"2";1;1;2;1225,57649818521
563;712,987736728974;220,191043240483;3118,91101905504;5;"2";"2";0;NA;1;1059,23666591895
564;375,18880199641;492,424040281194;3136,00813947102;5;"1";"3";1;2;3;271,650174273997
565;553,320015198551;373,091473523556;2947,79407033723;5;"1";"1";1;1;2;367,501927690234
566;1040,46530537307;533,293216340108;4802,33962171156;5;"1";"1";1;2;3;616,714349408503
567;174,557035742328;424,000099669667;1997,22595495161;5;"2";"2";1;2;3;1064,42850159779
568;1334,59293267224;417,232638082179;4770,98539160038;5;"2";"1";1;2;3;1243,88493909282
569;845,033861021511;252,283354392965;3251,94202654154;5;"2";"1";1;1;2;705,348810386469
570;774,44356312044;346,849791489806;6311,01594643118;5;"1";"3";1;1;2;895,211319066467
571;1148,98945095483;372,065957949073;4323,72530991719;5;"2";"3";0;1;1;923,128205054764
572;1998,38400827721;381,200969616307;7938,30466797723;5;"2";"2";1;NA;2;567,127546887436
573;1646,2619244121;622,764472678931;6205,90303123104;5;"2";"3";1;2;3;1044,84701593103
574;1584,18113880325;409,435859293975;5947,60696427814;5;"1";"3";1;NA;3;1224,63219476228
575;1501,54253728688;458,767087419481;6166,63236293576;5;"1";"1";1;2;3;380,737716214346
576;1293,66120987106;323,094822954161;5464,6175434393;5;"1";"1";1;1;2;1027,4109100909
577;277,342715160921;464,327054127428;818,223473525338;5;"2";"3";1;2;3;450,660528641606
578;1440,7625462627;359,99968739482;6033,43150955811;5;"1";"1";1;1;2;723,953543370162
579;1330,20577360876;430,964324696661;2448,42493034539;5;"2";"2";1;NA;3;921,203374944444
580;1496,07848098967;568,60266320877;5351,81869094573;5;"2";"1";1;2;3;660,530077454112
581;1663,48198512569;282,62669669656;6540,2234391618;5;"1";"3";1;NA;2;615,762291677921
582;887,497270200402;576,916092522041;1586,650287985;5;"2";"2";1;2;3;789,697272597151
583;1298,66802846082;286,897040645786;7128,86643931301;5;"2";"1";1;NA;2;598,955116431267
584;531,671626819298;587,548392946999;1754,79915013844;5;"2";"2";1;2;3;1073,26394702227
585;1002,39034744445;487,404623142503;4339,13759567443;5;"1";"3";1;2;3;737,962834191117
586;589,408553787507;344,382563365215;4140,67198485139;5;"2";"1";1;1;2;765,962373831644
587;783,148997207172;518,037754912052;3930,24642884373;5;"2";"2";1;2;3;944,269070618121
588;346,821589092724;418,514530260073;2578,95383363727;5;"2";"3";1;2;3;687,68573542967
589;1028,70010037441;216,633673738653;2394,53280737066;5;"2";"2";1;1;2;818,612374197786
590;482,928814482875;350,129251408964;5524,30749427558;5;"2";"2";1;1;2;773,235532819517
591;924,861181667075;365,419730406126;6154,17137264152;5;"1";"3";1;1;2;660,19447930472
592;1260,46680251602;431,4315442298;5430,36870818027;5;"2";"2";1;2;3;1457,57060685266
593;1167,23606935702;413,74117629381;6546,97784330766;5;"2";"1";1;2;3;438,081836938392
594;1118,9330663532;331,081015279637;2817,92023958061;5;"1";"2";1;NA;2;609,73220812214
595;1026,48523205426;500,454200982366;733,901079729738;5;"1";"3";1;2;3;647,563501627477
596;1462,64398170169;285,740799925176;4132,06624444585;5;"1";"2";1;NA;2;894,261894768325
597;132,94763462618;387,628365846251;-1211,04068275998;5;"1";"3";1;NA;2;957,501878348682
598;593,469466431998;402,775280525992;3624,38597893226;5;"1";"2";1;NA;3;876,183844701013
599;643,645941209979;354,412832267204;2889,17355774941;5;"2";"3";1;NA;2;889,731680631286
600;1957,95677315909;449,499762330003;7527,38267582812;5;"1";"3";1;2;3;877,476733871555
601;1733,61341913696;480,986354870992;8145,21558216914;5;"2";"1";1;2;3;705,609616379336
602;1447,53618233372;472,351068356773;6761,7038791633;5;"1";"1";1;2;3;628,12608848497
603;274,872321658768;409,323543617398;3347,61446053753;5;"2";"3";1;2;3;826,899103324675
604;1740,12134117074;428,620453025665;6012,04731322622;5;"1";"1";1;2;3;612,234752017458
605;1773,76828640699;423,953267568738;4836,83751401207;5;"2";"3";1;2;3;731,632896457807
606;754,300318425521;377,607761389011;6545,46341720284;5;"2";"1";1;NA;2;549,958823283732
607;1858,13399709295;290,553792824297;7990,87264728715;5;"1";"1";1;1;2;1002,64160041044
608;855,602992977947;233,095915157008;3100,77278782034;5;"2";"3";1;1;2;901,351516569329
609;164,667228190228;445,572118842656;987,859651493443;5;"1";"3";1;2;3;610,733801587618
610;1517,23582998384;407,073294926724;3600,20166558223;5;"2";"1";1;2;3;833,235123995131
611;615,384999942034;325,65299879053;3664,06655732442;5;"1";"2";1;1;2;571,991738611545
612;1464,80350806378;351,320596294316;4738,36900783944;5;"2";"3";1;1;2;1216,27053812792
613;577,541527035646;388,826539296246;2463,88240450637;5;"2";"1";1;1;2;809,820718061389
614;1446,88314138912;498,16492097773;6462,41841251317;5;"1";"1";1;2;3;655,476643809563
615;520,369930239394;410,105119769977;5069,34685930371;5;"2";"1";1;2;3;409,269962064636
616;1703,03079688456;346,424828215999;6296,69741142766;5;"2";"2";1;NA;2;1141,24786333762
617;1276,76521863323;499,140934164092;3866,98354237263;5;"2";"2";1;2;3;710,163025540808
618;1414,90360063035;317,493782761857;4522,84609737998;5;"2";"1";1;NA;2;906,31998184358
619;1429,45625691209;392,937956805169;3795,06956002025;5;"1";"2";1;1;2;1141,11396530616
620;1944,90203564055;512,792645211296;6019,00691461846;5;"1";"3";1;2;3;886,896555933773
621;942,611189372838;509,481887427421;3065,85572618194;5;"2";"1";1;2;3;1279,4548574723
622;1413,57648808043;261,331679570675;6820,65571814897;5;"2";"3";1;1;2;762,844628387629
623;148,366613453254;451,626260755113;1651,61747559986;5;"2";"3";0;2;1;915,898410371734
624;950,363366515376;386,002740171759;4398,28325433101;5;"2";"2";1;2;2;550,838892379867
625;1274,43245120812;389,490567264255;5911,12187534227;5;"1";"2";1;NA;2;1229,15042003676
626;1484,20068586711;435,62555770079;5196,69510937945;5;"2";"2";1;2;3;982,247849393674
627;1397,4636018509;363,809580022575;3826,43566249152;5;"2";"2";1;NA;2;765,666906069547
628;164,138321229257;495,65931263719;-1356,76985610007;5;"2";"2";1;2;3;717,396105999011
629;1158,50362675264;261,103965679504;4117,52730319978;5;"1";"3";1;2;2;849,02824907004
630;1565,96288746223;432,857306450135;6908,8608993175;5;"1";"2";1;2;3;857,039135363859
631;1288,01727639511;425,328761091455;4609,12706377155;5;"2";"2";0;2;1;1054,07717923217
632;1591,88339798711;278,150176516406;5170,51697771714;5;"2";"1";1;2;2;965,61040967359
633;1503,07425374631;301,264809544878;5759,00546190132;5;"1";"3";1;2;2;968,08397334197
634;1038,28431393486;458,369181062404;6593,31981505919;5;"1";"3";1;2;3;666,654765185909
635;1196,58455236349;421,820816587128;6366,08425492172;5;"1";"1";1;2;3;746,296710555381
636;328,96664396394;399,315669651174;586,512225632858;5;"1";"3";1;2;2;1123,21483106227
637;1843,7245381996;429,252180025968;7391,75152786169;5;"1";"2";1;2;3;1011,42803072082
638;1515,23191060405;296,410228175591;7654,3824261398;5;"1";"2";1;2;2;973,98378505544
639;1483,11705740634;376,939351357924;6088,3835877857;5;"2";"1";1;NA;2;758,353938552662
640;957,975759659894;519,294861080297;4067,88318059891;5;"2";"3";1;2;3;579,106783360481
641;1802,19772511628;332,371620551537;5385,17918959294;5;"1";"3";1;2;2;709,64932275695
642;1176,47588395048;334,116919204314;5377,37714869151;5;"1";"3";1;2;2;674,569514307171
643;486,447572265752;448,556927171721;-1487,07719606576;5;"2";"2";1;2;3;1123,20340484477
644;215,364319318905;429,513298600678;900,582426863172;5;"1";"1";1;NA;3;720,240796224256
645;463,822568929754;463,658622736938;686,112664785724;5;"1";"2";1;2;3;632,402086238707
646;1540,41251258459;524,762968066479;5544,34699283269;5;"1";"1";1;2;3;1009,7540739734
647;738,620058191009;372,454912505617;1667,25454318835;5;"1";"3";1;NA;2;831,921225285199
648;355,085617746226;463,066414110658;2802,73074924448;5;"2";"1";1;2;3;856,991594465388
649;1669,25124479458;512,069405314572;4018,74864869204;5;"2";"1";1;2;3;712,67059723478
650;1575,17250266392;403,926864449968;6569,4092473733;5;"1";"2";1;2;3;812,061720569265
651;1959,33169794735;316,741754764118;6143,04158975832;5;"2";"3";1;2;2;898,956992343964
652;670,538300951011;288,784903263913;841,91329253814;5;"1";"1";1;2;2;959,074851675024
653;1644,34893189464;530,665446750253;5433,47862315626;5;"2";"2";0;2;1;1076,56402013363
654;176,512221852317;416,44954987119;1855,08476473049;5;"1";"2";1;2;3;953,351974420012
655;567,885521682911;331,646783770852;2959,73366285343;5;"1";"2";1;NA;2;883,917033119154
656;469,654938275926;449,999229514093;1730,03004506616;5;"1";"2";1;2;3;1063,47632943017
657;745,758563838899;426,974128583375;1516,43324066486;5;"2";"2";1;2;3;995,783273106107
658;172,293402301148;408,861167882758;3703,44243958072;5;"2";"2";1;2;3;749,590550962326
659;1323,092661798;296,75793080551;4950,29169359581;5;"2";"3";1;2;2;662,911296332357
660;1343,68034708314;299,245014981284;4176,26548522062;5;"1";"1";1;2;2;870,149192388211
661;1277,85044629127;512,396629912682;2761,23009426879;5;"1";"3";1;NA;3;1008,54272940905
662;523,012518580072;490,690536424913;21,1833472266894;5;"2";"1";1;2;3;694,764968410327
663;1542,31656994671;350,349440827809;7422,1042308735;5;"2";"2";1;2;2;644,058052993206
664;1714,9267856963;425,980880180291;7601,82982945131;5;"2";"1";1;2;3;923,189462631764
665;794,50526998844;433,012621741413;2645,72755460739;5;"1";"3";0;2;1;980,402589166888
666;124,475232115947;248,55518305185;2703,81496505699;5;"1";"2";1;2;2;1030,55697166429
667;1616,10547429882;289,109418664246;2901,44833315082;5;"1";"3";1;2;2;969,720904655315
668;1652,76563279331;372,851643466126;6940,1767260516;5;"1";"1";1;NA;2;1022,42762054109
669;555,455024074763;394,808417288501;913,796619844633;5;"1";"2";1;2;2;712,979780568903
670;961,34653838817;284,908988605103;5383,82030853322;5;"2";"2";1;NA;2;1105,87358124956
671;364,712814986706;457,509664544348;1033,41484180174;5;"2";"2";1;2;3;814,370168384125
672;901,623221277259;569,706687870719;4164,27310269602;5;"2";"3";1;2;3;818,771139569017
673;728,273808769882;469,398156213489;3353,27810876841;5;"2";"2";1;2;3;801,889877979181
674;264,645959832706;427,72296497144;1081,5808534057;5;"1";"2";1;2;3;1254,95657218612
675;1526,52948023751;380,322083387385;4311,17911403323;5;"2";"3";1;2;2;977,553509391977
676;1495,02920894884;374,65276006182;2517,36642136861;5;"1";"2";1;2;2;1012,50849048034
677;1047,48841135297;409,088946792141;2707,44826594952;5;"1";"1";1;2;3;746,278771619794
678;663,138588657603;497,333711351776;4007,60772996531;5;"2";"3";1;2;3;821,019787842751
679;814,759577275254;402,070890138656;4295,43183485605;5;"2";"3";1;2;3;1212,72383487169
680;598,43722966034;373,997992619661;3609,75448252725;5;"1";"2";1;NA;2;662,785086274663
681;1566,71642302535;502,774768205019;7468,36940431325;5;"1";"2";1;2;3;1066,21140897856
682;170,356866857037;341,222457311011;1608,93916764336;5;"1";"2";1;2;2;767,610469564496
683;1582,55363861099;519,845273287751;5644,84972694613;5;"2";"3";1;2;3;1180,123273509
684;714,165351097472;485,141246338077;3762,26665130278;5;"2";"3";1;2;3;756,655293645151
685;106,314505869523;272,876411586701;953,117261695288;5;"2";"2";1;2;2;747,026950790612
686;519,205620395951;231,862550257543;1964,80114544978;5;"2";"2";1;NA;2;642,068389274411
687;1042,81220987905;317,389461124166;2074,28696861755;5;"2";"2";1;NA;2;790,920895780639
688;1125,44161789119;450,751282886686;3753,20458533482;5;"1";"2";1;NA;3;1188,50295302544
689;1380,21342270076;543,550658448706;3947,58991852074;5;"2";"3";1;2;3;709,59182598009
690;1312,6799344318;543,649768220703;4844,44454196444;5;"1";"3";0;NA;1;1031,71862244051
691;722,798025910743;395,045427758579;4654,79506703866;5;"2";"1";1;NA;2;559,244845677441
692;1309,04519215692;399,379779396849;2474,34057445713;5;"1";"2";1;2;2;944,306372475505
693;994,987935759127;370,56923697275;4560,27969769284;5;"2";"1";1;2;2;777,015509040648
694;325,424976740032;417,35743134247;2223,44853747815;5;"1";"1";1;2;3;646,717094878496
695;1405,3722136654;402,996652343381;6477,32224657223;5;"1";"1";1;2;3;1133,19592724505
696;1474,75789354648;313,131488704938;7206,72974815288;5;"2";"2";1;2;2;968,185078894587
697;1399,98594603967;410,918289239529;7646,69096667587;5;"1";"2";1;2;3;569,989605084036
698;1810,08804326411;104,155619839709;6513,17378207503;5;"2";"1";1;2;2;748,434569249375
699;1291,39666380361;330,559975752798;5570,50149963346;5;"2";"1";1;2;2;709,071320842606
700;252,928676339798;368,824130528201;1666,54184964771;5;"2";"3";1;2;2;1160,35627686017
701;849,682281143032;382,303251535258;3419,48850963868;5;"1";"3";1;NA;2;652,534466252574
702;985,865642037243;380,434227843975;3622,75657272374;5;"1";"1";1;2;2;658,06452560066
703;1679,72553793807;381,789932806539;5991,40613164832;5;"2";"3";1;NA;2;919,751634271021
704;1450,86547748651;401,158810746449;2493,67402496563;5;"2";"3";1;2;3;625,926399920922
705;1597,32827984262;461,051170799321;5010,42680817212;5;"2";"2";1;2;3;507,025180496073
706;1207,50716575421;263,331110098166;2720,8027747518;5;"2";"3";1;2;2;644,370918572774
707;437,216389854439;284,221164061549;2761,33169258017;5;"1";"2";1;2;2;819,590017734526
708;973,774821008556;491,216687333205;3864,78657547937;5;"1";"1";1;2;3;920,579447733558
709;1107,60088195093;388,381080954644;3859,56439582102;5;"2";"3";1;NA;2;903,918678444314
710;718,980380147696;234,472050468348;-87,5125616782848;5;"2";"1";1;2;2;819,335635587789
711;668,841338530183;250,572250858309;5889,001836098;5;"1";"2";0;2;1;674,34527661336
712;592,598590487614;385,5224806124;6068,14415296222;5;"2";"2";1;2;2;715,986939097349
713;925,551208970137;546,432388934175;1161,32756377022;5;"2";"2";0;2;1;826,664562234681
714;1884,2216841178;410,881104723649;7469,85526494766;5;"1";"3";1;2;3;1050,6665666885
715;1832,90390626062;214,789293798043;6232,87215879942;5;"2";"3";1;2;2;423,831571385944
716;324,259276059456;329,705909058077;1899,6561450649;5;"2";"1";1;NA;2;673,981485208203
717;1914,92604045197;519,473578467559;10266,9730305753;5;"1";"1";1;2;3;926,7019837883
718;510,764679824933;514,198216817574;5289,18699368846;5;"2";"2";1;2;3;1116,37237629742
719;1024,07096307725;349,194262607496;6089,91556682457;5;"2";"1";1;2;2;806,286297139202
720;1580,60584508348;606,165679531714;8114,34420189614;5;"1";"3";1;2;3;893,967711234667
721;1460,99467447493;323,413410842406;7195,81990307892;5;"1";"1";1;NA;2;678,70076860147
722;1400,53328822833;510,422198468704;4054,2858193468;5;"2";"1";1;2;3;1050,21175026477
723;975,913230446167;587,417113620871;6639,60468774645;5;"2";"1";1;2;3;881,563565281175
724;1818,98119214457;397,807901985935;3949,79095189332;5;"2";"2";1;NA;2;815,350508135286
725;1511,56881055795;540,249239923896;4073,23321269267;5;"2";"1";1;2;3;673,314569064805
726;602,451835921966;422,549709599106;2929,6646173444;5;"2";"1";1;2;3;732,738932196836
727;935,480865510181;480,426696252213;3674,757541388;5;"2";"2";1;2;3;676,257409118262
728;928,056137613021;469,387509869115;2249,57664914535;5;"2";"2";1;2;3;1017,09272610514
729;1357,97224706039;339,478969237923;4577,95854122898;5;"2";"2";1;2;2;474,376614713406
730;912,738082953729;442,230848371725;4113,98867237531;5;"1";"3";1;2;3;942,253576680954
731;747,755856392905;570,808868005244;1409,76776647564;5;"2";"1";1;2;3;467,660432407013
732;593,879631115124;215,678009018669;5060,47119280706;5;"2";"3";1;2;2;871,20257654395
733;338,759772409685;513,146656890253;4153,10847448005;5;"2";"2";1;2;3;1183,35846681491
734;1951,93161715288;417,040526424907;6547,16992716826;5;"1";"3";0;2;1;1190,59095151674
735;1325,26532192715;559,904456060706;5626,02092990416;5;"1";"2";1;2;3;636,680260510525
736;872,211268497631;364,37785386011;2221,0342497244;5;"1";"3";1;2;2;808,750241171873
737;413,158684037626;432,08850302236;1922,37241094775;5;"2";"1";1;2;3;1132,08033874795
738;1133,57280213386;469,126344292649;4686,36767372962;5;"2";"3";0;NA;1;959,5936071595
739;1448,0865649879;341,958979628269;4364,51277580447;5;"1";"2";1;NA;2;974,9021432113
740;1232,23036192358;525,414580547811;5158,77078779863;5;"1";"1";1;2;3;759,914236508359
741;313,822547905147;339,992034784958;1709,38982987105;5;"1";"1";1;2;2;614,046064567986
742;552,499490301125;588,082261476773;3621,60896101333;5;"1";"2";1;2;3;696,54942059203
743;268,563582631759;318,721908118193;3502,43960639389;5;"2";"2";1;2;2;1064,03019050141
744;919,195178383961;432,569018898302;6139,15121185893;5;"2";"2";1;2;3;858,04531873036
745;238,654168020003;240,003720355269;2653,87875658349;5;"1";"2";0;2;1;974,15025349848
746;1534,82137783431;507,867602161359;7411,5989764216;5;"1";"2";1;2;3;689,707448874278
747;113,435083255172;505,912651985367;-150,313953406518;5;"1";"2";1;2;3;921,546867856799
748;1619,51721592341;335,76066480531;7491,63939281357;5;"1";"3";1;2;2;693,715626461967
749;1144,50928585138;659,829958167158;3463,18456494152;5;"2";"1";0;2;2;839,817110191203
750;929,069346096367;452,661443023067;1534,50496627856;5;"1";"3";1;2;3;616,473787592225
751;1989,17735877912;326,512742465542;5495,76342670395;5;"2";"3";1;NA;2;592,142290774982
752;647,098464355804;168,16429785233;1828,95715508854;5;"1";"1";1;NA;2;1070,86055292095
753;1883,42452519573;353,88411816154;5354,25233484447;5;"2";"1";1;2;2;870,921490098369
754;1387,05387203954;386,23811876476;7253,44018326911;5;"2";"2";1;2;2;598,603589875203
755;664,368427544832;197,537076675669;1778,19899492484;5;"2";"1";1;2;2;605,59352992566
756;784,807729744352;400,856079921291;6204,57303145885;5;"1";"1";1;2;3;1158,76066202152
757;1798,24731545523;442,107761199492;4568,57456736745;5;"2";"1";1;NA;3;1043,33766162268
758;1387,84248465672;413,784123221093;5891,55576289635;5;"1";"1";1;2;3;956,657345500421
759;336,881403950974;481,592011241647;2144,61079201917;5;"1";"1";1;2;3;600,932430953568
760;861,221492360346;353,225105077826;3477,79041063211;5;"1";"2";1;2;2;886,878752525006
761;813,508277735673;380,125001438584;2809,27248768187;5;"1";"2";1;NA;2;733,252513019341
762;1280,14887101017;273,499441670102;3284,96128139787;5;"2";"2";1;2;2;781,626199374193
763;1861,63323360961;229,082171971959;8169,46142764524;5;"1";"3";1;2;2;903,959465951425
764;381,810153345577;459,112056717905;3675,67404536307;5;"2";"2";1;2;3;699,262839006969
765;598,989914450794;411,407950734664;2695,33747426769;5;"2";"1";1;2;3;443,508707772449
766;1613,2970396895;342,769985267427;3433,4200499589;5;"1";"2";1;NA;2;700,68010702442
767;492,454482382163;150,400098342393;3594,76324152522;5;"1";"1";1;2;2;553,996501584658
768;1965,02224260475;567,56658541811;8780,11035619987;5;"2";"2";0;2;1;978,546845523552
769;1516,76296128426;395,633667407839;4417,77656958755;5;"1";"2";1;NA;2;752,384074487774
770;1794,83421351761;333,623375823558;8008,70447060834;5;"2";"1";1;2;2;890,717474497926
771;1442,40341468249;327,06958101887;4928,81654383663;5;"1";"3";1;2;2;1157,40218624785
772;1731,81431910489;372,842413607082;8641,33116241371;5;"1";"3";1;NA;2;746,359627130119
773;669,435812579468;236,064525269046;4847,37079157087;5;"2";"2";1;2;2;672,852161732798
774;534,798564016819;410,168978929393;3543,15335191275;5;"2";"1";1;2;3;694,470151043494
775;1355,8272554772;331,135263166481;3895,68854426516;5;"1";"1";0;2;1;1007,54844114712
776;753,076413599774;378,413290964196;4231,46772355308;5;"2";"1";1;2;2;1217,90785644326
777;437,896395521238;367,352030224;3840,17546932044;5;"1";"2";1;2;2;1047,91979084804
778;1027,95099611394;389,075226261903;3435,15722865276;5;"1";"2";1;2;2;1433,91462721169
779;1206,1540634837;511,323002104147;1829,95216009153;5;"1";"3";1;2;3;1215,51918340041
780;1268,00516189542;568,94586659169;5314,59339963611;5;"1";"2";1;2;3;1112,26780617634
781;920,47015754506;271,465382803532;7017,33270141476;5;"1";"2";1;2;2;716,774685784962
782;1374,65856429189;512,367117544014;6539,97808286506;5;"1";"3";1;2;3;1083,15266846903
783;1569,80864636134;322,189204669865;6233,57006801846;5;"1";"2";0;2;1;510,759802077125
784;1287,27519134991;422,07411411399;4442,87414846739;5;"1";"2";1;2;3;836,853554843522
785;279,207579581998;385,608106257697;2466,47785487604;5;"2";"3";1;NA;2;668,647037293668
786;1641,12461220939;178,680117359692;1069,41068336942;5;"2";"2";1;NA;2;918,170940652999
787;1706,6199087305;172,199367765253;4603,60562204576;5;"1";"1";1;NA;2;676,467304408744
788;1833,20362546947;460,8508108699;6255,13638198321;5;"1";"1";0;2;1;755,279984579127
789;1354,32652451564;425,90408127156;5395,78231558771;5;"2";"2";1;NA;3;756,879277329091
790;1969,90060075186;389,009059051817;8006,34046513624;5;"1";"2";1;2;2;1145,90308495644
791;1370,34584996291;316,018164316551;8124,1947975661;5;"1";"1";1;NA;2;778,22283056377
792;1536,05452836491;294,733727290115;8777,6914483889;5;"1";"2";1;NA;2;639,039592974836
793;669,002854800783;357,169204348329;4880,53693741098;5;"2";"1";1;NA;2;860,193727057278
794;1305,35036164802;357,81451020545;5440,71878215814;5;"1";"3";1;2;2;691,978354362036
795;1832,42016301956;371,782702959029;3736,82699306249;5;"1";"2";1;NA;2;787,196838624467
796;1395,83285548724;431,749743837515;5708,99189731724;5;"2";"1";0;2;1;774,924501691685
797;1096,67431635316;509,300338592745;4629,00198187782;5;"2";"2";1;2;3;626,831466749273
798;362,523658573627;398,193082279863;2783,12888787954;5;"1";"2";1;2;2;492,348209309517
799;1578,73615608551;436,598333957465;4676,32421591749;5;"2";"3";1;2;3;284,510427354117
800;1581,43781519029;514,164850468278;5493,15645686225;5;"1";"3";0;NA;1;1017,34301368858
801;472,253678971902;471,538982301563;4348,78874664787;5;"2";"1";1;2;3;840,373063082015
802;356,474040821195;451,797544871089;5122,70281253391;5;"1";"3";1;2;3;1175,60658673668
803;1872,731236252;381,571397043922;4127,41106586254;5;"2";"3";1;2;2;923,514247220675
804;1870,0356859481;504,2187209149;7941,45434061179;5;"1";"1";1;2;3;920,785198326513
805;1481,15375631023;423,899073432569;5401,68508220289;5;"1";"1";1;2;3;747,866085008206
806;599,672297458164;514,125143415487;1672,31993204671;5;"2";"2";0;2;1;623,224204109787
807;562,417402141728;445,365937144397;3564,0824157532;5;"1";"2";1;2;3;1106,82202616809
808;961,607668502256;425,55993388999;3489,25401700781;5;"2";"1";1;2;3;760,831306696501
809;658,237493154593;423,544637918226;3615,39039971338;5;"2";"1";1;2;3;965,200527364645
810;1613,25066208374;371,454618141638;4928,75955770372;5;"2";"2";1;2;2;501,209423793259
811;532,931170519441;175,259394749289;1031,80711224056;5;"2";"1";1;NA;2;1031,46185215327
812;765,642033424228;474,369777313112;5038,54981680142;5;"1";"3";0;2;1;750,878073233087
813;1610,11466188356;425,914029817403;5349,53575438209;5;"1";"3";1;2;3;1233,98896567379
814;782,835404574871;265,930185314313;3340,01949812579;5;"1";"2";1;2;2;964,71464483831
815;1923,79641702864;462,706980053626;7011,49491024295;5;"2";"1";1;2;3;812,396861407728
816;1864,70016043168;358,625001263403;4718,09794582104;5;"2";"2";0;2;1;817,299224843394
817;816,874678689055;335,633351288692;3165,97299214705;5;"1";"3";1;2;2;997,8588952894
818;633,463007654063;406,878301020147;260,658627656724;5;"2";"2";1;2;3;742,930031956297
819;1895,04695218056;447,508676622017;6627,18351850411;5;"2";"3";1;2;3;814,75007069387
820;349,333608173765;625,840640164098;76,0723127960177;5;"2";"1";1;2;3;933,720507390125
821;542,269386397675;426,281570596247;3130,73859321336;5;"2";"1";1;2;3;728,053909106937
822;139,04467842076;174,349588463435;-774,168025263156;5;"1";"3";1;2;2;1232,40866716833
823;333,902976219542;388,750690919704;2211,13232551311;5;"2";"1";1;2;2;608,788772084166
824;765,199445514008;310,60970855937;5579,06690770473;5;"1";"1";1;2;2;949,800884812639
825;1083,4781434387;119,004206417417;4070,15253124352;5;"2";"2";1;NA;2;971,724353781017
826;1705,20358928479;432,361179411251;6171,39581082779;5;"2";"3";1;2;3;1160,99440623892
827;686,253129504621;375,006968142063;1745,56022629047;5;"2";"1";0;2;1;1068,20241217894
828;1422,46563874651;457,643975043856;1985,90881236409;5;"1";"3";1;2;3;1004,23368866845
829;1301,25267852563;421,801324732365;5450,54931214216;5;"1";"2";1;2;3;680,556276013596
830;477,727307891473;448,353816100459;3122,10397513459;5;"2";"3";1;2;3;929,594084331759
831;1343,90627052635;327,956289927161;3475,98580602278;5;"2";"2";1;NA;2;983,547683956593
832;247,127511468716;440,961834445924;2438,80904895767;5;"1";"2";1;2;3;546,469279484921
833;967,301301844418;171,909659280442;4542,49504210274;5;"1";"2";1;NA;2;783,398951453892
834;634,765918576159;500,029553387735;2984,28325645615;5;"1";"3";1;2;3;1039,77882481117
835;557,013422134332;475,017956475108;4486,94651531717;5;"1";"1";1;2;3;962,817178570957
836;961,278609884903;371,522655663849;5830,2313974568;5;"2";"1";1;2;2;856,098018800452
837;1758,98657862563;317,979666639674;6216,38734608007;5;"2";"3";1;2;2;977,769928346701
838;224,952455447055;424,119256178451;857,601759027564;5;"2";"2";1;2;3;602,637682379983
839;113,979008514434;373,51917773691;-1439,32209200436;5;"1";"1";1;2;2;737,03330179954
840;1519,82212967705;379,10516496016;5827,00109506569;5;"1";"3";1;NA;2;641,047662430496
841;184,993534744717;452,775334391207;-387,766573726804;5;"1";"3";1;2;3;691,227618511102
842;823,90351567883;321,524169186514;1474,90963062621;5;"1";"3";1;2;2;666,454497340992
843;1026,99549321551;526,803733538145;3338,78473264117;5;"1";"1";1;2;3;964,265735041586
844;1145,16082890332;386,199672014557;3715,46827232742;5;"2";"2";1;2;2;575,090241934925
845;1612,78939652257;547,990115313325;3767,63935941775;5;"1";"1";1;2;3;865,458874408635
846;375,536553747952;457,361141927246;1580,78031133812;5;"1";"1";1;2;3;963,72063512491
847;1522,36072816886;283,121823260648;6813,01537925067;5;"1";"2";1;NA;2;909,301912087849
848;1654,53475594986;482,91920427136;7062,737282681;5;"2";"3";1;2;3;983,558946651075
849;229,625858878717;498,740117561313;1619,49155963975;5;"2";"3";1;2;3;831,359687978486
850;1964,09127931111;301,768748330139;5594,83787262829;5;"2";"3";1;2;2;898,663167612386
851;1236,68499162886;618,903703310458;4703,60911180143;5;"1";"1";1;2;3;763,492626823285
852;1887,167841685;502,226934793684;8947,85411174915;5;"2";"2";1;2;3;1230,23337926774
853;701,264366554096;481,389349163795;3845,72629139667;5;"1";"3";1;2;3;739,161760649
854;509,739296650514;320,405819060647;5224,27907962638;5;"1";"1";1;2;2;666,463219589962
855;605,520539334975;401,825478449026;975,155364668527;5;"1";"3";0;2;1;737,114047327166
856;112,25097256247;340,511606189694;87,911388558518;5;"1";"3";1;NA;2;1063,4049926102
857;1786,72607054468;488,546320072848;6016,03404858058;5;"2";"3";1;2;3;857,971317531531
858;1500,80470305402;268,816221790795;3709,82790515502;5;"2";"2";1;NA;2;828,594174136933
859;1491,92973547615;296,807422448448;4195,91786706457;5;"2";"2";1;2;2;905,824678192654
860;897,500963159837;526,288716745548;2440,80487710037;5;"2";"2";1;2;3;852,404781840451
861;1415,92685596552;438,988465572228;2336,53610250155;5;"1";"2";1;2;3;1191,62520206383
862;324,919216777198;455,694471746494;-169,360542240663;5;"1";"2";1;2;3;702,661882678939
863;1993,88699254487;575,09501081597;3071,38437989161;5;"1";"3";1;2;3;630,722632053448
864;1078,52219878696;587,020684944391;5354,3224698897;5;"2";"1";1;2;3;1306,16918336444
865;573,972464213148;432,170596610637;551,910369945479;5;"1";"2";1;NA;3;756,3267119284
866;1106,24806589913;441,166030453707;1714,39208181152;5;"1";"2";1;2;3;822,26251884525
867;895,271802926436;431,398850416128;2853,83331784542;5;"2";"1";0;2;1;401,016497029756
868;163,428795221262;399,443551562884;2917,20104498813;5;"1";"2";1;2;2;822,819824047446
869;115,488387085497;352,887463385858;1310,71031119695;5;"2";"2";1;2;2;854,349627898602
870;1341,95520251524;337,432006318778;4177,98151622277;5;"2";"1";1;NA;2;798,707321725541
871;277,707371511497;227,601526792341;1116,97398537366;5;"1";"3";1;2;2;1143,14216865895
872;1472,09805687889;359,787206223043;4543,24378144745;5;"1";"2";1;2;2;569,460773327587
873;1809,52969072387;372,700088312986;6729,75853262432;5;"1";"1";1;NA;2;1000,96986757706
874;1108,61733218189;347,876854215144;5883,17616049695;5;"2";"3";1;2;2;872,503111879275
875;682,154324068688;513,864727097495;4747,23763742793;5;"1";"1";1;2;3;513,997181386103
876;1497,88173052948;469,872210106803;7164,32017425703;5;"2";"2";1;2;3;603,859097741235
877;690,144665259868;216,323064170484;1288,09515735746;5;"1";"3";1;NA;2;541,194249495856
878;696,614241506904;444,386147777079;3306,8333106765;5;"1";"2";1;NA;3;895,554886063594
879;659,92219063919;299,140901370704;3286,12098445354;5;"1";"2";1;2;2;585,773167154344
880;1636,83390177321;523,91777753599;6038,60522456869;5;"2";"3";1;2;3;575,057924092308
881;1670,17092036549;307,319771744815;4837,8718804389;5;"1";"1";1;2;2;437,430220195485
882;173,535168147646;349,089585518157;3371,35793189295;5;"2";"1";1;NA;2;949,812194470429
883;1637,59243621025;280,458639041008;8690,0509625963;5;"1";"1";1;2;2;760,32727078737
884;1984,22892615199;467,626447927078;6091,24774133569;5;"2";"1";1;2;3;815,35543769807
885;261,124697304331;380,819302507547;3007,44458776503;5;"1";"2";1;NA;2;945,685009811703
886;425,097333150916;458,631880382384;1097,81923970681;5;"1";"3";1;2;3;690,82375917082
887;1931,02456531487;157,761861499614;5823,85487176253;5;"2";"2";1;2;2;757,322470470837
888;634,73319762852;315,224635046344;3072,47755766813;5;"2";"2";1;NA;2;691,316598345747
889;502,615398773924;443,46641902671;1932,52625889995;5;"2";"3";0;2;1;853,994731045289
890;519,58973032888;341,664223100124;4244,80125130048;5;"1";"2";1;2;2;1024,08560607601
891;120,884139742702;363,416305259982;1467,0411587355;5;"1";"3";1;2;2;675,06131814994
892;1113,84481876157;584,79507206151;5564,30473681681;5;"1";"2";1;2;3;450,708365296065
893;1445,81520762295;263,351952724729;5898,05466314186;5;"1";"2";1;2;2;632,934946293335
894;264,189115399495;389,866431858869;1627,96146819491;5;"1";"1";1;NA;2;962,011121658114
895;853,771225083619;373,333657875732;666,293731538872;5;"1";"3";1;2;2;656,021921585071
896;103,83560101036;523,817750852613;-268,373811398659;5;"1";"1";1;2;3;917,237122371398
897;1710,26962241158;292,142893448975;6393,76257028971;5;"1";"2";1;2;2;890,004582546295
898;767,776572937146;463,792415568084;1163,79171778057;5;"1";"1";1;2;3;1219,65636576538
899;938,293858827092;432,550625184513;2245,89362506351;5;"2";"2";1;2;3;577,318434757368
900;1351,9743619021;486,046558067253;4143,99644937577;5;"1";"3";0;2;1;852,791073387573
901;609,990772162564;270,926902741482;3170,29739841415;5;"1";"2";1;2;2;961,455910915613
902;858,984196791425;344,82798821326;3675,7401583445;5;"1";"2";1;2;2;921,400358383167
903;1596,85517004691;618,595742912933;6622,64978223006;5;"1";"1";1;NA;3;622,266011118067
904;988,7499100063;473,240951391919;2427,92479897728;5;"2";"1";1;2;3;599,436581141216
905;716,934519330971;351,326856949374;1313,69599221067;5;"2";"3";1;2;2;751,60405750969
906;498,441183334216;605,212924749658;1800,72124605921;5;"1";"1";1;2;3;973,977437692643
907;394,796211645007;479,607551953713;4213,09617148383;5;"1";"2";1;2;3;784,855182773222
908;615,055235289037;385,424646465346;4342,10899941864;5;"2";"1";1;2;2;1082,25136940245
909;1881,29213033244;452,404338424155;8046,9025567142;5;"2";"3";1;NA;3;891,551870056332
910;1110,31034903135;294,859155193551;6006,93511260056;5;"2";"2";1;NA;2;1188,46800992633
911;1169,44157518446;404,880959461028;5469,73628023784;5;"1";"3";1;2;3;995,712423833174
912;1542,57414820604;403,449791983251;3451,06462249512;5;"2";"2";1;2;3;497,167909375338
913;1408,98369348142;257,9014949065;4419,94131761799;5;"2";"1";1;NA;2;1020,38176999568
914;526,05471292045;334,728906801779;2100,34302539853;5;"1";"2";1;2;2;648,620083693909
915;979,693065700121;370,699657509186;4168,80054501489;5;"2";"3";1;2;2;782,488817490981
916;1341,36690539308;436,977871420627;4605,45234194278;5;"1";"1";1;2;3;1018,22328357347
917;900,141673604958;374,475763839859;5172,19970570406;5;"1";"2";1;2;2;1084,75740089787
918;1913,56706561055;234,220256773861;4432,47850209593;5;"1";"3";1;2;2;660,421244484763
919;1732,77759989724;307,882710067959;4845,04701056055;5;"1";"2";1;2;2;861,197027359563
920;1356,51630423963;331,903457133574;5890,98539915333;5;"2";"3";1;2;2;961,346532248497
921;1082,34591840301;428,539709910349;5518,12593050653;5;"1";"3";1;2;3;1515,25142068228
922;721,778008341789;370,71275979049;5327,54466612575;5;"2";"3";1;NA;2;911,068705364608
923;1304,19282815419;572,352230020066;5576,4794595532;5;"2";"3";1;2;3;830,445086152074
924;670,276042772457;311,989369140926;2130,44068668828;5;"2";"3";1;NA;2;1042,23318927516
925;141,392177040689;226,252014060132;1706,43117395236;5;"1";"2";1;2;2;791,465950641129
926;1617,75125311688;366,34005773123;9056,91839947503;5;"1";"3";1;2;2;666,2953346986
927;726,794546865858;326,722582187524;1940,23916864111;5;"1";"3";1;2;2;592,595948618693
928;1683,29001374077;534,903446134537;5133,81309630884;5;"1";"2";1;2;3;1167,59154884865
929;1660,31129495241;500,455574946011;7407,07802520745;5;"2";"3";1;2;3;605,016861358909
930;1558,27517809812;507,438773335965;6377,34043011346;5;"2";"1";1;NA;3;543,387225440303
931;719,530858797953;350,634491877737;4029,80773111466;5;"1";"2";1;2;2;656,125345744126
932;1184,0663745068;318,97873278219;3175,40263763883;5;"1";"2";1;2;2;816,327470154721
933;537,098681274801;390,244383663112;1919,01145969234;5;"1";"2";1;2;2;722,205032895985
934;347,485622251406;504,282438877329;1818,96936430825;5;"1";"2";0;NA;1;1362,1978245507
935;913,094407110475;487,523502320682;1291,67071756131;5;"1";"1";1;NA;3;840,679518488966
936;1377,03170271125;388,609991816745;5465,63270710585;5;"2";"2";1;2;2;887,939223647332
937;1654,48574398179;315,821721447327;5564,80066730709;5;"2";"3";1;NA;2;763,249078054681
938;1961,76569345407;356,70627907564;7144,33804558359;5;"2";"3";1;NA;2;977,290778938901
939;1642,07712109201;329,003862373582;5828,48125321756;5;"2";"3";1;2;2;1177,45394455791
940;719,373769848607;368,159803395123;3522,75798033617;5;"1";"2";1;2;2;577,638647869607
941;493,49014731124;472,886327541772;3486,07554701032;5;"1";"3";1;2;3;977,311812457375
942;811,429589358158;351,418510535501;5274,55945241049;5;"2";"2";1;NA;2;695,011091539522
943;1743,91562670935;462,130043848343;5962,24975890387;5;"2";"2";1;2;3;871,595780872765
944;1641,98990799487;473,03269295538;5123,50655150949;5;"1";"2";0;2;1;768,821493712185
945;1625,61271493323;356,981845687916;5839,38919334501;5;"1";"3";1;NA;2;885,86451019279
946;714,404057059437;482,437001676292;1417,78445678623;5;"2";"1";1;2;3;660,708592583544
947;486,872664559633;382,585694562012;3027,25470198197;5;"2";"2";1;2;2;717,422770518816
948;1828,73212567065;452,784708571188;6122,11813362309;5;"1";"2";1;2;3;767,760180870929
949;513,524094503373;331,050222084681;4124,3212756242;5;"1";"3";1;NA;2;868,526652409333
950;1365,09771051351;440,323039651226;4708,54844882988;5;"1";"2";1;2;3;804,358704120434
951;757,81759954989;389,59483863695;1313,66902825981;5;"1";"2";1;2;2;1112,30466876675
952;1889,74083508365;386,016836477829;9316,2764661475;5;"1";"1";0;2;1;1004,16956551984
953;1109,17952854652;461,356375720732;6802,73566300215;5;"1";"2";1;2;3;1116,81366403939
954;1821,42927960958;328,481506432493;6007,20408630167;5;"1";"1";1;2;2;849,402752485206
955;784,677616576664;359,326476983186;248,172155629278;5;"1";"2";1;2;2;829,181023757134
956;867,343245190568;248,266660715697;3746,09484224859;5;"1";"1";0;NA;1;992,453532503042
957;674,980421969667;299,175109352874;3221,49922128675;5;"1";"2";1;2;2;721,878210379112
958;1830,45072436798;284,349068971213;9429,40696981515;5;"1";"2";1;NA;2;870,003115050557
959;107,728210417554;253,065011985897;483,921226881375;5;"2";"2";1;NA;2;1157,69010404686
960;1104,15705374908;496,828076845022;7085,60317418616;5;"2";"1";1;2;3;639,826613562287
961;1101,85137491208;509,635931805314;5813,66277506746;5;"1";"3";1;NA;3;583,013784488294
962;1689,21891399659;460,20592625818;8523,65399027509;5;"2";"1";1;2;3;1168,75411720274
963;1927,3561301874;260,490716016189;8475,91126497399;5;"2";"3";1;NA;2;924,128160686451
964;430,079777142964;210,823530863939;1819,52385716491;5;"1";"3";1;NA;2;902,213834178693
965;1513,72467048932;302,795510907645;6640,34853512379;5;"1";"2";1;2;2;1214,27715741867
966;572,194554982707;312,824014186468;4375,45190522306;5;"2";"2";1;NA;2;496,714059024983
967;1978,28322879504;340,163444946038;9132,91585692555;5;"1";"2";1;2;2;799,706177946576
968;1060,52615623921;358,081094558082;6777,08931986011;5;"2";"2";1;NA;2;594,523665313554
969;1229,19982690364;398,537289395072;5364,34536767065;5;"2";"2";1;NA;2;780,052045141234
970;609,538999595679;392,044060490289;1476,28636548694;5;"2";"1";1;NA;2;653,254118870772
971;1749,53584340401;364,372326633105;5624,75591879987;5;"1";"1";1;2;2;547,909868830504
972;1136,90623086877;393,651403343503;4283,06622318623;5;"2";"3";1;NA;2;917,691701234709
973;1828,81484641694;389,494753932821;8249,06254960512;5;"1";"1";1;2;2;900,653919526713
974;1372,01727388892;399,434082280765;4549,96317118084;5;"2";"2";1;2;2;876,284928572409
975;137,989487801678;457,483659715454;-83,3110595400692;5;"2";"1";1;2;3;808,49493251912
976;507,481570285745;406,356566853438;4283,79985966159;5;"2";"2";0;2;1;1117,23557520262
977;163,605427998118;485,708751226982;167,98250443502;5;"1";"1";1;2;3;650,383902467951
978;425,089860940352;422,284236520202;2383,45447325779;5;"2";"1";1;2;3;791,49842551486
979;1852,75254165754;426,672164295309;5580,12985292805;5;"2";"1";1;2;3;1023,12698887432
980;968,505995068699;471,228672985389;3176,30834209465;5;"2";"1";1;2;3;1161,47455718711
981;495,996498200111;402,843112310412;5667,19714032535;5;"2";"3";1;2;3;913,1736847827
982;1666,2300346652;266,566469421347;8640,24393321107;5;"1";"2";1;NA;2;377,786361992703
983;791,358788963407;370,589130234979;6333,62743848846;5;"2";"1";1;2;2;796,206439614659
984;1402,85280377138;374,886870654406;5361,39253969046;5;"2";"1";1;2;2;425,850844770164
985;1251,65579840541;422,681636877987;6079,96985577272;5;"2";"1";1;2;3;754,653176339601
986;1674,31868645363;541,742007897758;6772,26931615951;5;"2";"2";1;2;3;707,572393022213
987;867,823314922862;275,998992405598;2212,59879286253;5;"2";"1";1;2;2;479,173147269015
988;1798,00476920791;521,051668671466;6305,2232879168;5;"2";"3";1;2;3;877,885002634907
989;1173,44392845407;451,639248406022;5634,92977038912;5;"2";"2";1;2;3;1021,24206029951
990;1196,73952232115;484,808221556821;5175,57056593469;5;"2";"1";1;2;3;615,649637778627
991;1615,38144845981;359,322621247241;5201,00939768657;5;"1";"1";1;2;2;1109,25395012099
992;1739,63350858539;428,614667023571;7732,49922520088;5;"1";"2";1;2;3;782,174580495523
993;292,328191641718;441,961204421736;972,99403185585;5;"1";"2";1;2;3;839,003885562188
994;557,978999312036;395,822768018392;-533,711542950356;5;"2";"3";1;NA;2;779,55073833618
995;1245,24212814867;282,288350732273;5768,52864296118;5;"2";"1";1;2;2;852,852703987407
996;1731,97556773666;377,582407758671;4792,39790661701;5;"1";"1";1;2;2;663,431813945282
997;1918,29701869283;368,528460411235;8939,50190401242;5;"2";"2";0;2;1;776,550893184124
998;1090,1717935456;339,687204397812;3976,1872522225;5;"2";"3";0;2;1;932,905871229091
999;597,8136285441;307,018346655427;5712,32061709894;5;"1";"3";0;NA;1;924,183099698862
1000;1996,01681674831;443,091341104943;5263,09258214217;5;"1";"2";1;2;3;1116,62713972557
